CREATE DATABASE  IF NOT EXISTS `carto` /*!40100 DEFAULT CHARACTER SET utf8 */;
USE `carto`;
-- MySQL dump 10.13  Distrib 5.5.50, for debian-linux-gnu (x86_64)
--
-- Host: localhost    Database: carto
-- ------------------------------------------------------
-- Server version	5.5.50-0ubuntu0.14.04.1

/*!40101 SET @OLD_CHARACTER_SET_CLIENT=@@CHARACTER_SET_CLIENT */;
/*!40101 SET @OLD_CHARACTER_SET_RESULTS=@@CHARACTER_SET_RESULTS */;
/*!40101 SET @OLD_COLLATION_CONNECTION=@@COLLATION_CONNECTION */;
/*!40101 SET NAMES utf8 */;
/*!40103 SET @OLD_TIME_ZONE=@@TIME_ZONE */;
/*!40103 SET TIME_ZONE='+00:00' */;
/*!40014 SET @OLD_UNIQUE_CHECKS=@@UNIQUE_CHECKS, UNIQUE_CHECKS=0 */;
/*!40014 SET @OLD_FOREIGN_KEY_CHECKS=@@FOREIGN_KEY_CHECKS, FOREIGN_KEY_CHECKS=0 */;
/*!40101 SET @OLD_SQL_MODE=@@SQL_MODE, SQL_MODE='NO_AUTO_VALUE_ON_ZERO' */;
/*!40111 SET @OLD_SQL_NOTES=@@SQL_NOTES, SQL_NOTES=0 */;

--
-- Table structure for table `data`
--

DROP TABLE IF EXISTS `data`;
/*!40101 SET @saved_cs_client     = @@character_set_client */;
/*!40101 SET character_set_client = utf8 */;
CREATE TABLE `data` (
  `ID` varchar(30) NOT NULL,
  `Label` varchar(100) NOT NULL,
  PRIMARY KEY (`ID`)
) ENGINE=InnoDB DEFAULT CHARSET=utf8;
/*!40101 SET character_set_client = @saved_cs_client */;

--
-- Dumping data for table `data`
--

LOCK TABLES `data` WRITE;
/*!40000 ALTER TABLE `data` DISABLE KEYS */;
INSERT INTO `data` VALUES ('1','Hyperconvergence'),('10','Prix'),('11','Bash'),('12','Mail'),('13','Environ 12x'),('14','Date naissance'),('15','Nom usuel'),('16','Accréditations'),('17','HTML'),('18','e-mail'),('19','2x'),('2','1 par faculté'),('20','Perl'),('21','Share'),('22','Quota'),('23','Accès'),('24','Redondance RAID'),('25','CRUD'),('26','Cloud'),('27','Fournisseur'),('28','Commande d\'achat'),('29','Windows 2012'),('3','Client vWorkspace'),('30','VM'),('31','Procédures stockées'),('32','Vues métérialisées'),('4','Python'),('5','Django'),('6','Chron'),('7','SaaS'),('8','Horaires'),('9','Formation'),('data_0001','Budget (proposed amount)'),('data_0002','Budget (validated amount)'),('data_0003','Budget (available amount for lab)'),('data_0004','Contract number'),('data_0005','Fund number'),('data_0006','Letter of decision'),('data_0007','Contract begining date'),('data_0008','Lab account'),('data_0009','Facebook'),('data_0010','YouTube'),('data_0011','300-400 présentations par an'),('data_0012','Détection d\'attaque par deni de service'),('data_0013','Coursera & EDX'),('data_0014','LAMP'),('data_0015','Responsive'),('data_0016','Mobile App'),('data_0017','SQL'),('data_0018','Gestion de l\'archive par 1 instance Moodle par année'),('data_0019','Fédérateur'),('data_0020','Métadonnées'),('data_0021','Science'),('data_0022','Cell'),('data_0023','Nature'),('data_0024','Rapports'),('data_0025','Spring'),('data_0026','Notes'),('data_0027','Apache Camel'),('Spec_001','Industry request'),('Spec_002','Lab fund raising'),('Spec_003','Key elements of contract'),('Spec_004','Contract approved'),('Spec_005','Contract signed'),('Spec_006','Fund opened'),('Spec_007','Research results'),('Spec_008','Project call with theme or open subject'),('Spec_009','Spontaneous request'),('Spec_010','Finished project'),('Spec_011','Contract proposal'),('Spec_012','Project proposal'),('Spec_013','Key elements of project'),('Spec_014','Project approved'),('Spec_015','Project proposal transferred to donor');
/*!40000 ALTER TABLE `data` ENABLE KEYS */;
UNLOCK TABLES;

--
-- Table structure for table `data___relation`
--

DROP TABLE IF EXISTS `data___relation`;
/*!40101 SET @saved_cs_client     = @@character_set_client */;
/*!40101 SET character_set_client = utf8 */;
CREATE TABLE `data___relation` (
  `DataID` varchar(30) NOT NULL,
  `RelationID` varchar(30) NOT NULL,
  PRIMARY KEY (`DataID`,`RelationID`)
) ENGINE=InnoDB DEFAULT CHARSET=utf8;
/*!40101 SET character_set_client = @saved_cs_client */;

--
-- Dumping data for table `data___relation`
--

LOCK TABLES `data___relation` WRITE;
/*!40000 ALTER TABLE `data___relation` DISABLE KEYS */;
INSERT INTO `data___relation` VALUES ('data_0001','00001'),('data_0001','00025'),('data_0001','00073'),('data_0001','00097'),('data_0001','00121'),('data_0001','00145'),('data_0001','00169'),('data_0001','00193'),('data_0001','00217'),('data_0001','00241'),('data_0001','00265'),('data_0002','00002'),('data_0002','00026'),('data_0002','00074'),('data_0002','00098'),('data_0002','00122'),('data_0002','00146'),('data_0002','00170'),('data_0002','00194'),('data_0002','00218'),('data_0002','00242'),('data_0002','00266'),('data_0003','00003'),('data_0003','00027'),('data_0003','00075'),('data_0003','00099'),('data_0003','00123'),('data_0003','00147'),('data_0003','00171'),('data_0003','00195'),('data_0003','00219'),('data_0003','00243'),('data_0003','00267'),('data_0004','00004'),('data_0004','00028'),('data_0004','00076'),('data_0004','00100'),('data_0004','00124'),('data_0004','00148'),('data_0004','00172'),('data_0004','00196'),('data_0004','00220'),('data_0004','00244'),('data_0004','00268'),('data_0005','00005'),('data_0005','00029'),('data_0005','00077'),('data_0005','00101'),('data_0005','00125'),('data_0005','00149'),('data_0005','00173'),('data_0005','00197'),('data_0005','00221'),('data_0005','00245'),('data_0005','00269'),('data_0006','00006'),('data_0006','00030'),('data_0006','00078'),('data_0006','00102'),('data_0006','00126'),('data_0006','00150'),('data_0006','00174'),('data_0006','00198'),('data_0006','00222'),('data_0006','00246'),('data_0006','00270'),('data_0007','00007'),('data_0007','00031'),('data_0007','00079'),('data_0007','00127'),('data_0007','00151'),('data_0007','00175'),('data_0007','00199'),('data_0007','00223'),('data_0007','00247'),('data_0007','00271'),('data_0008','00008'),('data_0008','00032'),('data_0008','00080'),('data_0008','00104'),('data_0008','00128'),('data_0008','00152'),('data_0008','00176'),('data_0008','00200'),('data_0008','00224'),('data_0008','00248'),('data_0008','00272'),('Spec_001','00010'),('Spec_001','00030'),('Spec_001','00034'),('Spec_001','00045'),('Spec_001','00058'),('Spec_001','00060'),('Spec_001','00075'),('Spec_001','00082'),('Spec_001','00090'),('Spec_001','00105'),('Spec_001','00106'),('Spec_001','00120'),('Spec_001','00130'),('Spec_001','00135'),('Spec_001','00150'),('Spec_001','00154'),('Spec_001','00165'),('Spec_001','00178'),('Spec_001','00180'),('Spec_001','00195'),('Spec_001','00202'),('Spec_001','00210'),('Spec_001','00225'),('Spec_001','00226'),('Spec_001','00240'),('Spec_001','00250'),('Spec_001','00255'),('Spec_001','00270'),('Spec_001','00274'),('Spec_001','00285'),('Spec_001','00289'),('Spec_001','00300'),('Spec_001','00304'),('Spec_001','00315'),('Spec_001','00319'),('Spec_001','00330'),('Spec_001','00334'),('Spec_001','00345'),('Spec_001','00349'),('Spec_001','00360'),('Spec_001','00364'),('Spec_001','00375'),('Spec_001','00379'),('Spec_001','00390'),('Spec_001','00394'),('Spec_001','00405'),('Spec_001','00409'),('Spec_001','00420'),('Spec_001','00424'),('Spec_001','00435'),('Spec_001','00439'),('Spec_001','00450'),('Spec_001','00454'),('Spec_001','00465'),('Spec_001','00469'),('Spec_001','00484'),('Spec_001','00499'),('Spec_001','00514'),('Spec_001','00529'),('Spec_001','00544'),('Spec_002','00001'),('Spec_002','00011'),('Spec_002','00031'),('Spec_002','00035'),('Spec_002','00046'),('Spec_002','00059'),('Spec_002','00061'),('Spec_002','00076'),('Spec_002','00083'),('Spec_002','00106'),('Spec_002','00107'),('Spec_002','00121'),('Spec_002','00131'),('Spec_002','00136'),('Spec_002','00151'),('Spec_002','00155'),('Spec_002','00166'),('Spec_002','00179'),('Spec_002','00196'),('Spec_002','00203'),('Spec_002','00211'),('Spec_002','00226'),('Spec_002','00227'),('Spec_002','00241'),('Spec_002','00251'),('Spec_002','00256'),('Spec_002','00271'),('Spec_002','00275'),('Spec_002','00286'),('Spec_002','00290'),('Spec_002','00301'),('Spec_002','00305'),('Spec_002','00316'),('Spec_002','00320'),('Spec_002','00331'),('Spec_002','00335'),('Spec_002','00346'),('Spec_002','00350'),('Spec_002','00361'),('Spec_002','00365'),('Spec_002','00376'),('Spec_002','00380'),('Spec_002','00391'),('Spec_002','00395'),('Spec_002','00406'),('Spec_002','00410'),('Spec_002','00421'),('Spec_002','00425'),('Spec_002','00436'),('Spec_002','00440'),('Spec_002','00451'),('Spec_002','00455'),('Spec_002','00466'),('Spec_002','00470'),('Spec_002','00485'),('Spec_002','00500'),('Spec_002','00515'),('Spec_002','00530'),('Spec_003','00002'),('Spec_003','00012'),('Spec_003','00032'),('Spec_003','00036'),('Spec_003','00047'),('Spec_003','00060'),('Spec_003','00062'),('Spec_003','00077'),('Spec_003','00092'),('Spec_003','00107'),('Spec_003','00108'),('Spec_003','00122'),('Spec_003','00132'),('Spec_003','00137'),('Spec_003','00152'),('Spec_003','00156'),('Spec_003','00167'),('Spec_003','00180'),('Spec_003','00197'),('Spec_003','00204'),('Spec_003','00212'),('Spec_003','00227'),('Spec_003','00228'),('Spec_003','00242'),('Spec_003','00252'),('Spec_003','00257'),('Spec_003','00272'),('Spec_003','00276'),('Spec_003','00287'),('Spec_003','00291'),('Spec_003','00302'),('Spec_003','00306'),('Spec_003','00317'),('Spec_003','00321'),('Spec_003','00332'),('Spec_003','00336'),('Spec_003','00347'),('Spec_003','00362'),('Spec_003','00366'),('Spec_003','00377'),('Spec_003','00381'),('Spec_003','00392'),('Spec_003','00396'),('Spec_003','00407'),('Spec_003','00411'),('Spec_003','00422'),('Spec_003','00426'),('Spec_003','00437'),('Spec_003','00441'),('Spec_003','00452'),('Spec_003','00456'),('Spec_003','00467'),('Spec_003','00471'),('Spec_003','00486'),('Spec_003','00501'),('Spec_003','00516'),('Spec_003','00531'),('Spec_004','00003'),('Spec_004','00013'),('Spec_004','00033'),('Spec_004','00037'),('Spec_004','00061'),('Spec_004','00063'),('Spec_004','00078'),('Spec_004','00085'),('Spec_004','00108'),('Spec_004','00109'),('Spec_004','00123'),('Spec_004','00133'),('Spec_004','00138'),('Spec_004','00153'),('Spec_004','00157'),('Spec_004','00168'),('Spec_004','00183'),('Spec_004','00198'),('Spec_004','00205'),('Spec_004','00213'),('Spec_004','00228'),('Spec_004','00229'),('Spec_004','00243'),('Spec_004','00253'),('Spec_004','00258'),('Spec_004','00273'),('Spec_004','00277'),('Spec_004','00288'),('Spec_004','00292'),('Spec_004','00303'),('Spec_004','00307'),('Spec_004','00318'),('Spec_004','00322'),('Spec_004','00333'),('Spec_004','00337'),('Spec_004','00348'),('Spec_004','00363'),('Spec_004','00367'),('Spec_004','00382'),('Spec_004','00393'),('Spec_004','00408'),('Spec_004','00412'),('Spec_004','00423'),('Spec_004','00427'),('Spec_004','00438'),('Spec_004','00442'),('Spec_004','00453'),('Spec_004','00457'),('Spec_004','00468'),('Spec_004','00472'),('Spec_004','00487'),('Spec_004','00502'),('Spec_004','00517'),('Spec_004','00532'),('Spec_005','00004'),('Spec_005','00034'),('Spec_005','00038'),('Spec_005','00062'),('Spec_005','00064'),('Spec_005','00079'),('Spec_005','00086'),('Spec_005','00094'),('Spec_005','00109'),('Spec_005','00110'),('Spec_005','00124'),('Spec_005','00134'),('Spec_005','00139'),('Spec_005','00154'),('Spec_005','00158'),('Spec_005','00169'),('Spec_005','00184'),('Spec_005','00199'),('Spec_005','00206'),('Spec_005','00214'),('Spec_005','00229'),('Spec_005','00230'),('Spec_005','00244'),('Spec_005','00254'),('Spec_005','00259'),('Spec_005','00274'),('Spec_005','00278'),('Spec_005','00289'),('Spec_005','00293'),('Spec_005','00304'),('Spec_005','00308'),('Spec_005','00319'),('Spec_005','00323'),('Spec_005','00334'),('Spec_005','00338'),('Spec_005','00349'),('Spec_005','00364'),('Spec_005','00368'),('Spec_005','00379'),('Spec_005','00383'),('Spec_005','00394'),('Spec_005','00398'),('Spec_005','00409'),('Spec_005','00413'),('Spec_005','00424'),('Spec_005','00428'),('Spec_005','00439'),('Spec_005','00443'),('Spec_005','00454'),('Spec_005','00458'),('Spec_005','00469'),('Spec_005','00473'),('Spec_005','00488'),('Spec_005','00503'),('Spec_005','00518'),('Spec_005','00533'),('Spec_006','00005'),('Spec_006','00020'),('Spec_006','00035'),('Spec_006','00039'),('Spec_006','00063'),('Spec_006','00065'),('Spec_006','00080'),('Spec_006','00087'),('Spec_006','00095'),('Spec_006','00110'),('Spec_006','00111'),('Spec_006','00125'),('Spec_006','00135'),('Spec_006','00140'),('Spec_006','00155'),('Spec_006','00159'),('Spec_006','00170'),('Spec_006','00183'),('Spec_006','00185'),('Spec_006','00200'),('Spec_006','00207'),('Spec_006','00215'),('Spec_006','00230'),('Spec_006','00231'),('Spec_006','00245'),('Spec_006','00255'),('Spec_006','00260'),('Spec_006','00275'),('Spec_006','00279'),('Spec_006','00290'),('Spec_006','00294'),('Spec_006','00305'),('Spec_006','00309'),('Spec_006','00320'),('Spec_006','00324'),('Spec_006','00335'),('Spec_006','00339'),('Spec_006','00350'),('Spec_006','00354'),('Spec_006','00365'),('Spec_006','00369'),('Spec_006','00380'),('Spec_006','00384'),('Spec_006','00395'),('Spec_006','00399'),('Spec_006','00410'),('Spec_006','00414'),('Spec_006','00425'),('Spec_006','00429'),('Spec_006','00440'),('Spec_006','00444'),('Spec_006','00455'),('Spec_006','00470'),('Spec_006','00489'),('Spec_006','00504'),('Spec_006','00519'),('Spec_006','00534'),('Spec_007','00006'),('Spec_007','00021'),('Spec_007','00036'),('Spec_007','00040'),('Spec_007','00064'),('Spec_007','00066'),('Spec_007','00081'),('Spec_007','00088'),('Spec_007','00096'),('Spec_007','00111'),('Spec_007','00112'),('Spec_007','00126'),('Spec_007','00136'),('Spec_007','00141'),('Spec_007','00156'),('Spec_007','00160'),('Spec_007','00171'),('Spec_007','00184'),('Spec_007','00186'),('Spec_007','00201'),('Spec_007','00208'),('Spec_007','00216'),('Spec_007','00231'),('Spec_007','00232'),('Spec_007','00246'),('Spec_007','00256'),('Spec_007','00261'),('Spec_007','00276'),('Spec_007','00280'),('Spec_007','00291'),('Spec_007','00295'),('Spec_007','00306'),('Spec_007','00310'),('Spec_007','00321'),('Spec_007','00325'),('Spec_007','00336'),('Spec_007','00340'),('Spec_007','00355'),('Spec_007','00366'),('Spec_007','00370'),('Spec_007','00381'),('Spec_007','00385'),('Spec_007','00396'),('Spec_007','00400'),('Spec_007','00411'),('Spec_007','00415'),('Spec_007','00426'),('Spec_007','00430'),('Spec_007','00441'),('Spec_007','00445'),('Spec_007','00456'),('Spec_007','00471'),('Spec_007','00475'),('Spec_007','00490'),('Spec_007','00505'),('Spec_007','00520'),('Spec_007','00535'),('Spec_008','00007'),('Spec_008','00022'),('Spec_008','00037'),('Spec_008','00041'),('Spec_008','00065'),('Spec_008','00067'),('Spec_008','00082'),('Spec_008','00089'),('Spec_008','00097'),('Spec_008','00112'),('Spec_008','00113'),('Spec_008','00127'),('Spec_008','00137'),('Spec_008','00142'),('Spec_008','00157'),('Spec_008','00161'),('Spec_008','00172'),('Spec_008','00185'),('Spec_008','00187'),('Spec_008','00202'),('Spec_008','00209'),('Spec_008','00217'),('Spec_008','00232'),('Spec_008','00233'),('Spec_008','00247'),('Spec_008','00257'),('Spec_008','00262'),('Spec_008','00277'),('Spec_008','00281'),('Spec_008','00292'),('Spec_008','00296'),('Spec_008','00307'),('Spec_008','00311'),('Spec_008','00322'),('Spec_008','00326'),('Spec_008','00337'),('Spec_008','00341'),('Spec_008','00356'),('Spec_008','00367'),('Spec_008','00371'),('Spec_008','00382'),('Spec_008','00386'),('Spec_008','00401'),('Spec_008','00412'),('Spec_008','00416'),('Spec_008','00427'),('Spec_008','00431'),('Spec_008','00442'),('Spec_008','00446'),('Spec_008','00457'),('Spec_008','00461'),('Spec_008','00476'),('Spec_008','00491'),('Spec_008','00506'),('Spec_008','00521'),('Spec_008','00536'),('Spec_009','00008'),('Spec_009','00023'),('Spec_009','00038'),('Spec_009','00042'),('Spec_009','00066'),('Spec_009','00068'),('Spec_009','00083'),('Spec_009','00090'),('Spec_009','00098'),('Spec_009','00113'),('Spec_009','00114'),('Spec_009','00128'),('Spec_009','00138'),('Spec_009','00143'),('Spec_009','00158'),('Spec_009','00162'),('Spec_009','00173'),('Spec_009','00186'),('Spec_009','00188'),('Spec_009','00203'),('Spec_009','00210'),('Spec_009','00218'),('Spec_009','00233'),('Spec_009','00234'),('Spec_009','00248'),('Spec_009','00258'),('Spec_009','00263'),('Spec_009','00278'),('Spec_009','00282'),('Spec_009','00293'),('Spec_009','00297'),('Spec_009','00308'),('Spec_009','00312'),('Spec_009','00323'),('Spec_009','00327'),('Spec_009','00338'),('Spec_009','00342'),('Spec_009','00357'),('Spec_009','00368'),('Spec_009','00372'),('Spec_009','00383'),('Spec_009','00387'),('Spec_009','00398'),('Spec_009','00402'),('Spec_009','00413'),('Spec_009','00428'),('Spec_009','00432'),('Spec_009','00443'),('Spec_009','00447'),('Spec_009','00458'),('Spec_009','00462'),('Spec_009','00477'),('Spec_009','00492'),('Spec_009','00507'),('Spec_009','00522'),('Spec_009','00537'),('Spec_010','00009'),('Spec_010','00024'),('Spec_010','00039'),('Spec_010','00043'),('Spec_010','00067'),('Spec_010','00069'),('Spec_010','00099'),('Spec_010','00114'),('Spec_010','00115'),('Spec_010','00129'),('Spec_010','00139'),('Spec_010','00144'),('Spec_010','00159'),('Spec_010','00163'),('Spec_010','00174'),('Spec_010','00187'),('Spec_010','00204'),('Spec_010','00211'),('Spec_010','00219'),('Spec_010','00234'),('Spec_010','00235'),('Spec_010','00249'),('Spec_010','00259'),('Spec_010','00264'),('Spec_010','00279'),('Spec_010','00283'),('Spec_010','00294'),('Spec_010','00298'),('Spec_010','00309'),('Spec_010','00313'),('Spec_010','00324'),('Spec_010','00328'),('Spec_010','00339'),('Spec_010','00343'),('Spec_010','00354'),('Spec_010','00358'),('Spec_010','00369'),('Spec_010','00373'),('Spec_010','00384'),('Spec_010','00388'),('Spec_010','00399'),('Spec_010','00403'),('Spec_010','00414'),('Spec_010','00429'),('Spec_010','00433'),('Spec_010','00444'),('Spec_010','00448'),('Spec_010','00463'),('Spec_010','00478'),('Spec_010','00493'),('Spec_010','00508'),('Spec_010','00523'),('Spec_010','00538'),('Spec_011','00010'),('Spec_011','00020'),('Spec_011','00025'),('Spec_011','00040'),('Spec_011','00044'),('Spec_011','00068'),('Spec_011','00070'),('Spec_011','00085'),('Spec_011','00092'),('Spec_011','00100'),('Spec_011','00115'),('Spec_011','00116'),('Spec_011','00130'),('Spec_011','00140'),('Spec_011','00145'),('Spec_011','00160'),('Spec_011','00164'),('Spec_011','00175'),('Spec_011','00188'),('Spec_011','00205'),('Spec_011','00212'),('Spec_011','00220'),('Spec_011','00235'),('Spec_011','00236'),('Spec_011','00250'),('Spec_011','00260'),('Spec_011','00265'),('Spec_011','00280'),('Spec_011','00284'),('Spec_011','00295'),('Spec_011','00299'),('Spec_011','00310'),('Spec_011','00314'),('Spec_011','00325'),('Spec_011','00329'),('Spec_011','00340'),('Spec_011','00344'),('Spec_011','00355'),('Spec_011','00359'),('Spec_011','00370'),('Spec_011','00374'),('Spec_011','00385'),('Spec_011','00389'),('Spec_011','00400'),('Spec_011','00404'),('Spec_011','00415'),('Spec_011','00419'),('Spec_011','00430'),('Spec_011','00434'),('Spec_011','00445'),('Spec_011','00449'),('Spec_011','00464'),('Spec_011','00479'),('Spec_011','00494'),('Spec_011','00509'),('Spec_011','00524'),('Spec_011','00539'),('Spec_012','00011'),('Spec_012','00021'),('Spec_012','00026'),('Spec_012','00041'),('Spec_012','00045'),('Spec_012','00069'),('Spec_012','00071'),('Spec_012','00086'),('Spec_012','00101'),('Spec_012','00116'),('Spec_012','00117'),('Spec_012','00131'),('Spec_012','00141'),('Spec_012','00146'),('Spec_012','00161'),('Spec_012','00165'),('Spec_012','00176'),('Spec_012','00191'),('Spec_012','00206'),('Spec_012','00213'),('Spec_012','00221'),('Spec_012','00236'),('Spec_012','00237'),('Spec_012','00251'),('Spec_012','00261'),('Spec_012','00266'),('Spec_012','00281'),('Spec_012','00285'),('Spec_012','00296'),('Spec_012','00300'),('Spec_012','00311'),('Spec_012','00315'),('Spec_012','00326'),('Spec_012','00330'),('Spec_012','00341'),('Spec_012','00345'),('Spec_012','00356'),('Spec_012','00360'),('Spec_012','00371'),('Spec_012','00375'),('Spec_012','00386'),('Spec_012','00390'),('Spec_012','00401'),('Spec_012','00405'),('Spec_012','00416'),('Spec_012','00420'),('Spec_012','00431'),('Spec_012','00435'),('Spec_012','00446'),('Spec_012','00450'),('Spec_012','00461'),('Spec_012','00465'),('Spec_012','00480'),('Spec_012','00495'),('Spec_012','00510'),('Spec_012','00525'),('Spec_012','00540'),('Spec_013','00012'),('Spec_013','00022'),('Spec_013','00027'),('Spec_013','00042'),('Spec_013','00046'),('Spec_013','00070'),('Spec_013','00072'),('Spec_013','00087'),('Spec_013','00094'),('Spec_013','00102'),('Spec_013','00117'),('Spec_013','00118'),('Spec_013','00132'),('Spec_013','00142'),('Spec_013','00147'),('Spec_013','00162'),('Spec_013','00166'),('Spec_013','00177'),('Spec_013','00192'),('Spec_013','00207'),('Spec_013','00214'),('Spec_013','00222'),('Spec_013','00237'),('Spec_013','00238'),('Spec_013','00252'),('Spec_013','00262'),('Spec_013','00267'),('Spec_013','00282'),('Spec_013','00286'),('Spec_013','00297'),('Spec_013','00301'),('Spec_013','00312'),('Spec_013','00316'),('Spec_013','00327'),('Spec_013','00331'),('Spec_013','00342'),('Spec_013','00346'),('Spec_013','00357'),('Spec_013','00361'),('Spec_013','00372'),('Spec_013','00376'),('Spec_013','00387'),('Spec_013','00391'),('Spec_013','00402'),('Spec_013','00406'),('Spec_013','00421'),('Spec_013','00432'),('Spec_013','00436'),('Spec_013','00447'),('Spec_013','00451'),('Spec_013','00462'),('Spec_013','00466'),('Spec_013','00481'),('Spec_013','00496'),('Spec_013','00526'),('Spec_013','00541'),('Spec_014','00013'),('Spec_014','00023'),('Spec_014','00028'),('Spec_014','00043'),('Spec_014','00047'),('Spec_014','00058'),('Spec_014','00071'),('Spec_014','00073'),('Spec_014','00088'),('Spec_014','00095'),('Spec_014','00118'),('Spec_014','00119'),('Spec_014','00133'),('Spec_014','00143'),('Spec_014','00148'),('Spec_014','00163'),('Spec_014','00167'),('Spec_014','00178'),('Spec_014','00191'),('Spec_014','00193'),('Spec_014','00208'),('Spec_014','00215'),('Spec_014','00223'),('Spec_014','00238'),('Spec_014','00239'),('Spec_014','00253'),('Spec_014','00263'),('Spec_014','00268'),('Spec_014','00283'),('Spec_014','00287'),('Spec_014','00298'),('Spec_014','00302'),('Spec_014','00313'),('Spec_014','00317'),('Spec_014','00328'),('Spec_014','00332'),('Spec_014','00343'),('Spec_014','00347'),('Spec_014','00358'),('Spec_014','00362'),('Spec_014','00373'),('Spec_014','00377'),('Spec_014','00388'),('Spec_014','00392'),('Spec_014','00403'),('Spec_014','00407'),('Spec_014','00422'),('Spec_014','00433'),('Spec_014','00437'),('Spec_014','00448'),('Spec_014','00452'),('Spec_014','00463'),('Spec_014','00467'),('Spec_014','00482'),('Spec_014','00497'),('Spec_014','00512'),('Spec_014','00527'),('Spec_014','00542'),('Spec_015','00024'),('Spec_015','00029'),('Spec_015','00044'),('Spec_015','00059'),('Spec_015','00072'),('Spec_015','00074'),('Spec_015','00089'),('Spec_015','00096'),('Spec_015','00104'),('Spec_015','00119'),('Spec_015','00120'),('Spec_015','00134'),('Spec_015','00144'),('Spec_015','00149'),('Spec_015','00164'),('Spec_015','00168'),('Spec_015','00179'),('Spec_015','00192'),('Spec_015','00194'),('Spec_015','00209'),('Spec_015','00216'),('Spec_015','00224'),('Spec_015','00239'),('Spec_015','00240'),('Spec_015','00254'),('Spec_015','00264'),('Spec_015','00269'),('Spec_015','00284'),('Spec_015','00288'),('Spec_015','00299'),('Spec_015','00303'),('Spec_015','00314'),('Spec_015','00318'),('Spec_015','00329'),('Spec_015','00333'),('Spec_015','00344'),('Spec_015','00348'),('Spec_015','00359'),('Spec_015','00363'),('Spec_015','00374'),('Spec_015','00389'),('Spec_015','00393'),('Spec_015','00404'),('Spec_015','00408'),('Spec_015','00419'),('Spec_015','00423'),('Spec_015','00434'),('Spec_015','00438'),('Spec_015','00449'),('Spec_015','00453'),('Spec_015','00464'),('Spec_015','00468'),('Spec_015','00483'),('Spec_015','00498'),('Spec_015','00513'),('Spec_015','00528'),('Spec_015','00543');
/*!40000 ALTER TABLE `data___relation` ENABLE KEYS */;
UNLOCK TABLES;

--
-- Table structure for table `processus`
--

DROP TABLE IF EXISTS `processus`;
/*!40101 SET @saved_cs_client     = @@character_set_client */;
/*!40101 SET character_set_client = utf8 */;
CREATE TABLE `processus` (
  `ID` varchar(30) NOT NULL,
  `Label` varchar(100) NOT NULL,
  `SystemId` varchar(30) NOT NULL,
  `ServiceId` varchar(30) NOT NULL,
  PRIMARY KEY (`ID`)
) ENGINE=InnoDB DEFAULT CHARSET=utf8;
/*!40101 SET character_set_client = @saved_cs_client */;

--
-- Dumping data for table `processus`
--

LOCK TABLES `processus` WRITE;
/*!40000 ALTER TABLE `processus` DISABLE KEYS */;
INSERT INTO `processus` VALUES ('00_Publ','Explorer publications EPFL','EPFLPlus','00_Publ'),('100','Distribuer Mooc Publique','78','148'),('101','Assurance Qualité Afrique','96','143'),('102','Produire Mooc Publique','82','145'),('103','Former','89','263'),('104','Sélection','105','174'),('105','Monter vidéo','57','154'),('106','Mooc Privé','73','264'),('107','Mooc publique','73','265'),('108','Distribuer Mooc','55','127'),('109','Support Moodle','81','221'),('111','Promotion','78','132'),('112','Distribution Resources','81','163'),('113','Promotion','105','216'),('114','Produire Mooc Afrique','82','259'),('115','Mooc Africa','73','267'),('116','Produire Mooc','55','215'),('117','Co-production','78','137'),('118','Amélioration continue','78','169'),('119','Formation','78','262'),('121','Produire video','89','139'),('122','Négocier Contrat','95','210'),('123','Dashboard / Reporting','78','239'),('124','Environnement d\'exécution','67','254'),('125','Assurance Qualité','96','260'),('126','Recolter Exercices','81','129'),('127','Publicité','73','268'),('128','Formation','73','269'),('129','Gouvernance','73','270'),('130','Distribuer Mooc Africa','78','170'),('131','Former','57','271'),('132','Gestion Locale','106','234'),('133','Distribuer Mooc Privé','78','121'),('134','Partenariat','73','272'),('135','Informations groupe','19','292'),('136','Informations groupe','118','288'),('137','Accounting','34','290'),('138','Télétravail','00_EPFL_01','306'),('140','Authentification','34','299'),('142','Notification changement','118','284'),('143','Autorisation','34','282'),('144','Accounting','12','289'),('145','Export données authentification','19','307'),('146','Réseau Wifi','11','276'),('149','Accéder ressources cours','00_EPFL_01','309'),('150','Intervention à distance','00_EPFL_01','310'),('151','Autorisation','12','291'),('152','Notification changement','19','311'),('153','Travail','00_EPFL_01','312'),('154','Export données authentification','118','274'),('155','Offrir accès réseau EPFL','00_EPFL_01','313'),('156','Authentification','12','275'),('157','Réseau Wifi','28','304'),('158','Offrir accès à Internet','00_EPFL_01','314'),('159','Evolution plateforme','81','330'),('160','Gestion administrative','141','364'),('161','Environnement d\'execution','148','384'),('162','Gestion connaissance et propriété intellectuelle','147','354'),('163','Recherche','142','385'),('164','Gérer et publier les données de recherche','147','372'),('165','Postes de travail virtuels pour les cours','rech_for','SVC0116'),('166','Etablissement connexion','168','414'),('167','Envoi d\'alerte','172','405'),('168','Environnement d\'exécution','172','392'),('169','Enseignement','00_EPFL_01','415'),('170','Postes de travail virtuels pour les cours','donsto','323'),('171','Virtualisation stockage','dataVirtual','dataVirtual'),('172','Gestion des actualités','186','432'),('173','Divulgation','00_EPFL_01','437'),('174','Environnement d\'exécution','187','430'),('176','Exécution','208','440'),('177','Paiement','01_Lab_04','463'),('178','Gestion des Ressources Partagées (GRP)','00_EPFL_01','SVC0114'),('179','Intégration','208','447'),('180','Réservation','152','456'),('181','Facturation','152','465'),('182','Postes de travail virtuel pour les collaborateurs','donsto','466'),('183','Administration','00_EPFL_01','476'),('184','Envoi d\'alerte','214','473'),('185','Environnement d\'exécution','214','467'),('186','Conseil','216','508'),('187','Recherche académique','00_EPFL_01','536'),('188','Serveurs de calcul','216','537'),('189','Environnement d\'exécution','229','507'),('190','Support Dédié','216','538'),('191','Gouvernance','00_EPFL_01','539'),('192','Gestion infrastructure','219','520'),('193','Financement','216','505'),('194','Gouvernance','216','477'),('195','Définir la stratégie','121','501'),('196','Support','216','511'),('204','Gestion administrative','00_EPFL_01','600'),('205','Gestion des absences','app_admin','SVC0100'),('206','Environnement d\'exécution','261','598'),('207','Backup stockage','278','605'),('208','Environnement d\'exécution','267','609'),('209','Environnement d\'exécution','266','604'),('210','Backup stockage','270','612'),('211','Gestion standard de volume','284','626'),('212','Environnement d\'exécution','284','629'),('213','Gestion non standard de volume','284','633'),('214','Recherche','00_EPFL_01','639'),('215','Achats','app_admin','716'),('216','Achats','132','699'),('217','Demande achat','296','677'),('218','Environnement d\'exécution','317','697'),('219','Paiement','296','679'),('220','Sharepoint','webcomm','SVC0128'),('221','Environnement d\'exécution','319','721'),('222','Gestion documentaire','00_EPFL_01','739'),('223','Collaboration','00_EPFL_01','740'),('224','Impression (myPrint)','quotadm','SVC0056'),('225','Environnement d\'exécution','329','753'),('226','Accéder aux impressions','00_EPFL_01','764'),('227','Datawarehouse (application infoview)','matlog','SVC0053'),('228','Statistiques et Reporting','341','785'),('229','Environnement d\'exécution','335','770'),('65','Outil d\'installation automatique des OS','matlog','65'),('68','Blogs (integre avec 14)','pas_web','68'),('74','Service LAMP','pas_web','74'),('76','Organisation des unites a L\'EPFL(fusion avec 80)?','pas_web','76'),('78','Contrôleur CAMIPRO (SID)?','pas_web','78'),('80','Gestion des unites?','pas_web','80'),('81','Bottin du central telephonique (inclure avec 4 ?)','pas_web','81'),('87','e-voting (inclure avec Inform)','pas_web','87'),('89','(Archive) Flash en ligne','pas_web','89'),('95','Annuaire AD','comacc','SVC0026'),('99','Produire Mooc Privé','82','199'),('EPF_OA_BS','Perform bibliometric analysis','00_EPFL_01','EPF_OA_BS'),('EPF_Pub','Archive and organize scientific production','00_EPFL_01','EPF_Pub'),('itHelpInc','Incident Management','itDITHelp','itHelpInc'),('itHelpSup','Support','itDITHelp','737'),('itIsAcademia','Academic management','itIsAcademia','SVC0034'),('itSLIMS','Laboratory information management','itSLIMS','itSLIMS'),('PCS082','Financer la recherche','EPFLPlus','PCS082'),('PCS083','Gérer la finance d\'un projet de recherche','00_EPFL_01','PCS083'),('PCS084','Gérer l\'exécution du contrat','01_Sup_05','PCS084'),('PCS085','1. Réaliser le projet','01_Sup_05','PCS085'),('PCS086','2. Valider le contrat du projet','01_Sup_05','PCS086'),('PCS087','3. Finaliser le contrat du projet','01_Sup_05','PCS087'),('PCS088','4. Aider l\'exécution du projet','01_Sup_05','PCS088'),('PCS089','5. Clore le contrat du projet','01_Sup_05','PCS089'),('PCS103','Finances data management','OS','PCS103'),('PCS104','HR data management','OS','PCS104'),('PCS105','SAP execution infrastructure','SAPexec','PCS105'),('PCS112','Oracle DB execution infrastructure','OracleExEnv','PCS112'),('SVC0002','Research grants (GrantsDB)','GrantsDBorg','SVC0002'),('SVC0003','Service de sauvegarde des serveurs','donsto','SVC0003'),('SVC0004','Listes de distribution','emailcal','SVC0004'),('SVC0005','GED','matlog','SVC0005'),('SVC0007','Groupes & Guests','comacc','SVC0007'),('SVC0012','Gestion des moteurs de recherche','webcomm','SVC0012'),('SVC0013','Promotions sur les écrans publics (Polynex)','webcomm','SVC0013'),('SVC0016','Publication online d\'actualités','webcomm','SVC0016'),('SVC0018','Authentification & Autorisation (Tequila & Shibboleth)','comacc','SVC0018'),('SVC0019','Postes de travail virtuels pour les collaborateurs','donsto','SVC0019'),('SVC0020','Hébergement MySQL','donsto','SVC0020'),('SVC0024','Documents & Agenda partagé my.epfl','emailcal','SVC0024'),('SVC0025','Poseidon (laptops - support and discount)','matlog','SVC0025'),('SVC0028','Plan','quotadm','SVC0028'),('SVC0030','Gestion de versions (git)','matlog','SVC0030'),('SVC0033','Annuaire EPFL (people, cv en ligne)','quotadm','SVC0033'),('SVC0036','Réseau payant pour tiers','restel','SVC0036'),('SVC0037','Mobile EPFL','webcomm','SVC0037'),('SVC0044','Shop en ligne','webcomm','SVC0044'),('SVC0046','Press review','webcomm','SVC0046'),('SVC0047','Stockage individuel','donsto','SVC0047'),('SVC0049','Commande de billets CFF','quotadm','SVC0049'),('SVC0050','Notes de frais','matlog','SVC0050'),('SVC0051','Hébergement Datacenter','donsto','SVC0051'),('SVC0052','Annuaire LDAP','comacc','SVC0052'),('SVC0054','Vignette de parking','quotadm','SVC0054'),('SVC0055','Gestion des identités - Accréditations','comacc','SVC0055'),('SVC0060','Moodle','86','SVC0060'),('SVC0063','EPFL TV','webcomm','SVC0063'),('SVC0067','Médiathèque','webcomm','SVC0067'),('SVC0070','Blogs & Wikis','webcomm','SVC0070'),('SVC0071','VPN - Remote Intranet Access','restel','SVC0071'),('SVC0074','Comptoir d\'accès aux données institutionnelles (CADI)','comacc','SVC0074'),('SVC0075','Stockage des fichiers','donsto','SVC0075'),('SVC0077','Commande de cartes de visite','quotadm','SVC0077'),('SVC0078','Réseau WiFi','restel','SVC0078'),('SVC0079','Payonline','webcomm','SVC0079'),('SVC0080','Infrastructure de virtualisation pour serveurs','donsto','SVC0080'),('SVC0081','Stockage SAN','donsto','SVC0081'),('SVC0082','Email at EPFL','emailcal','SVC0082'),('SVC0083','Annuaire OpenDir','comacc','SVC0083'),('SVC0085','Gestion des mots de passe','comacc','SVC0085'),('SVC0087','Serveurs de calcul','hpc','SVC0087'),('SVC0089','Publications scientifiques (Infoscience)','itInfoscience','SVC0089'),('SVC0092','Formulaire en ligne (InForm)','webcomm','SVC0092'),('SVC0095','Publication online d\'événements (Memento)','webcomm','SVC0095'),('SVC0100','Gestion des absences','quotadm','SVC0100'),('SVC0101','Réseau câblé','restel','SVC0101'),('SVC0102','Réservation de salles','quotadm','SVC0102');
/*!40000 ALTER TABLE `processus` ENABLE KEYS */;
UNLOCK TABLES;

--
-- Table structure for table `relation`
--

DROP TABLE IF EXISTS `relation`;
/*!40101 SET @saved_cs_client     = @@character_set_client */;
/*!40101 SET character_set_client = utf8 */;
CREATE TABLE `relation` (
  `ID` varchar(30) NOT NULL,
  `ServiceId` varchar(30) NOT NULL,
  `ProcessId` varchar(30) NOT NULL,
  `Format` varchar(10) DEFAULT NULL,
  `Protocol` varchar(20) DEFAULT NULL,
  `Criticity` varchar(20) DEFAULT NULL,
  `SecurityLevel` varchar(10) DEFAULT NULL,
  PRIMARY KEY (`ID`)
) ENGINE=InnoDB DEFAULT CHARSET=utf8;
/*!40101 SET character_set_client = @saved_cs_client */;

--
-- Dumping data for table `relation`
--

LOCK TABLES `relation` WRITE;
/*!40000 ALTER TABLE `relation` DISABLE KEYS */;
INSERT INTO `relation` VALUES ('00001','CERN_1','00_Publ','CSV','DBLINK','Fort','Niv2'),('00002','EPF_OA_BS','00_Publ','CSV','DBLINK','Fort','Niv1'),('00003','EPF_Pub','00_Publ','','','',''),('00004','PuMe_1','00_Publ','','','',''),('00005','Scop_1','00_Publ','','','',''),('00006','wos_1','00_Publ','','','',''),('00007','SVC0101','65','','','',''),('00008','SVC0003','68','','','',''),('00009','SVC0018','68','','','',''),('00010','SVC0020','68','','','',''),('00011','SVC0101','68','','','',''),('00012','SVC0052','68','','','',''),('00013','SVC0080','68','','','',''),('00020','SVC0003','74','','','',''),('00021','SVC0018','74','','','',''),('00022','SVC0101','74','','','',''),('00023','SVC0052','74','','','',''),('00024','SVC0051','74','','','',''),('00025','SVC0080','74','','','',''),('00026','SVC0080','76','','','',''),('00027','SVC0074','76','','','',''),('00028','SVC0052','76','','','',''),('00029','SVC0101','76','','','',''),('00030','SVC0018','76','','','',''),('00031','SVC0003','76','','','',''),('00032','80','76','','','',''),('00033','SVC0003','78','','','',''),('00034','SVC0018','78','','','',''),('00035','SVC0101','78','','','',''),('00036','SVC0052','78','','','',''),('00037','SVC0051','78','','','',''),('00038','SVC0051','80','','','',''),('00039','SVC0052','80','','','',''),('00040','SVC0101','80','','','',''),('00041','SVC0018','80','','','',''),('00042','SVC0003','80','','','',''),('00043','SVC0003','81','','','',''),('00044','SVC0018','81','','','',''),('00045','SVC0101','81','','','',''),('00046','SVC0052','81','','','',''),('00047','SVC0080','81','','','',''),('00058','SVC0052','87','','','',''),('00059','SVC0101','87','','','',''),('00060','SVC0080','87','','','',''),('00061','SVC0018','87','','','',''),('00062','SVC0003','87','','','',''),('00063','SVC0003','89','','','',''),('00064','SVC0018','89','','','',''),('00065','SVC0080','89','','','',''),('00066','SVC0101','89','','','',''),('00067','SVC0052','89','','','',''),('00068','SVC0089','EPF_OA_BS','','','',''),('00069','01_Perf','EPF_OA_BS','','','',''),('00070','01_Lab_04','EPF_Pub','','','',''),('00071','SVC0089','EPF_Pub','','','',''),('00072','it111','itHelpInc','','','',''),('00073','it115','itHelpInc','','','',''),('00074','it4000','itHelpInc','','','',''),('00075','331','itHelpInc','','','',''),('00076','itHelpSteering','itHelpInc','','','',''),('00077','itMoodleHelp','itHelpInc','','','',''),('00078','itMoodleHelp','itHelpSup','','','',''),('00079','itHelpSteering','itHelpSup','','','',''),('00080','331','itHelpSup','','','',''),('00081','it4000','itHelpSup','','','',''),('00082','it115','itHelpSup','','','',''),('00083','it111','itHelpSup','','','',''),('00085','737','itIsAcademia','','','',''),('00086','itIsAcSteering','itIsAcademia','','','',''),('00087','itRameletHead','itIsAcademia','','','',''),('00088','SVC0081','itIsAcademia','','','',''),('00089','SVC0074','itIsAcademia','','','',''),('00090','SVC0051','itIsAcademia','','','',''),('00092','737','itSLIMS','','','',''),('00094','SVC0026','itSLIMS','','','',''),('00095','SVC0052','itSLIMS','','','',''),('00096','SVC0075','itSLIMS','','','',''),('00097','SVC0051','itSLIMS','','','',''),('00098','SVC0080','itSLIMS','','','',''),('00099','SVC0083','itSLIMS','','','',''),('00100','SVC0101','itSLIMS','','','',''),('00101','PCS083','PCS082','','','',''),('00102','00_res_Comun','PCS082','','','',''),('00104','00_fond_02','PCS082','','','',''),('00105','00_fond_03','PCS082','','','',''),('00106','00_fond_04','PCS082','','','',''),('00107','01_Fac_01','PCS083','','','',''),('00108','01_Fac_02','PCS083','','','',''),('00109','01_Lab_04','PCS083','','','',''),('00110','01_Mgt_02','PCS083','','','',''),('00111','01_Mgt_03','PCS083','','','',''),('00112','01_Sup_06','PCS083','','','',''),('00113','01_Sup_07','PCS083','','','',''),('00114','PCS084','PCS083','','','',''),('00115','PCS103','PCS084','','','',''),('00116','funder_support31','PCS084','','','',''),('00117','funder_support4','PCS084','','','',''),('00118','02_hr_0','PCS084','','','',''),('00119','02_LabS_03','PCS084','','','',''),('00120','02_reo_05','PCS084','','','',''),('00121','02_sf_02','PCS084','','','',''),('00122','02_tto_04','PCS084','','','',''),('00123','fsManageData_fund','PCS084','','','',''),('00124','funder_support','PCS084','','','',''),('00125','funder_support21','PCS084','','','',''),('00126','funder_support3','PCS084','','','',''),('00127','funder_support41','PCS084','','','',''),('00128','PCS104','PCS084','','','',''),('00129','reoManageData','PCS084','','','',''),('00130','SVC0002','PCS084','','','',''),('00131','02_reo_11','PCS085','','','',''),('00132','02_reo_12','PCS085','','','',''),('00133','02_LabS_18','PCS085','','','',''),('00134','02_tto_15','PCS086','','','',''),('00135','02_tto_16','PCS086','','','',''),('00136','02_tto_18','PCS087','','','',''),('00137','02_sf_13','PCS087','','','',''),('00138','02_LabSec','PCS087','','','',''),('00139','02_labSec2','PCS087','','','',''),('00140','FinCon_007','PCS087','','','',''),('00141','funder_support4','PCS088','','','',''),('00142','GrDB_011','PCS088','','','',''),('00143','02_labse_14','PCS088','','','',''),('00144','02_sf_13','PCS088','','','',''),('00145','02_hr_01','PCS088','','','',''),('00146','02_hr_02','PCS088','','','',''),('00147','funder_support3','PCS088','','','',''),('00148','funder_support','PCS088','','','',''),('00149','02_sf_14','PCS088','','','',''),('00150','02_sf_14','PCS089','','','',''),('00151','02_sf_13','PCS089','','','',''),('00152','02_labse_14','PCS089','','','',''),('00153','02_LabSecr3','PCS089','','','',''),('00154','GrDB_010','PCS089','','','',''),('00155','sap-fi-aa','PCS103','','','',''),('00156','sap-fi-ap','PCS103','','','',''),('00157','sap-fi-ar','PCS103','','','',''),('00158','sap-fi-fm','PCS103','','','',''),('00159','sap-fi-gl','PCS103','','','',''),('00160','PCS105','PCS103','','','',''),('00161','sap-bw','PCS103','','','',''),('00162','sap-hot','PCS103','','','',''),('00163','sap-hot','PCS104','','','',''),('00164','sap-bw','PCS104','','','',''),('00165','sap-hr-am','PCS104','','','',''),('00166','sap-hr-ehs','PCS104','','','',''),('00167','sap-hr-om','PCS104','','','',''),('00168','sap-hr-pr','PCS104','','','',''),('00169','PCS105','PCS104','','','',''),('00170','PCS112','PCS105','','','',''),('00171','SAP-HANA','PCS105','','','',''),('00172','sap-mdm','PCS105','','','',''),('00173','sap-pi','PCS105','','','',''),('00174','SAPrelease','PCS105','','','',''),('00175','SAP-SolMan1','PCS105','','','',''),('00176','SAP-SolMan2','PCS105','','','',''),('00177','SAP-sysadmin','PCS105','','','',''),('00178','sap-hpqc','PCS105','','','',''),('00179','SVC0026','PCS105','','','',''),('00180','itHelpSupProf','PCS105','','','',''),('00183','SAP_exec_Admin','PCS105','','','',''),('00184','SVC0052','PCS105','','','',''),('00185','SVC0055','PCS105','','','',''),('00186','SVC0101','PCS105','','','',''),('00187','SVC0083','PCS105','','','',''),('00188','SVC0080','PCS105','','','',''),('00191','itHelpSupProf','PCS112','','','',''),('00192','exAdmin','PCS112','','','',''),('00193','QUOD_dev','SVC0002','','','',''),('00194','SVC0020','SVC0002','','','',''),('00195','GrantsDB_app','SVC0002','','','',''),('00196','GrantsDBSysAdmin','SVC0002','','','',''),('00197','GrantsTeamEvo','SVC0002','','','',''),('00198','SVC0030','SVC0003','','','',''),('00199','SVC0051','SVC0003','','','',''),('00200','SVC0055','SVC0003','','','',''),('00201','SVC0052','SVC0003','','','',''),('00202','SVC0075','SVC0003','','','',''),('00203','SVC0040','SVC0003','','','',''),('00204','SVC0080','SVC0003','','','',''),('00205','SVC0081','SVC0003','','','',''),('00206','SVC0082','SVC0003','','','',''),('00207','SVC0020','SVC0003','','','',''),('00208','SVC0022','SVC0003','','','',''),('00209','SVC0017','SVC0003','','','',''),('00210','SVC0017','SVC0004','','','',''),('00211','SVC0082','SVC0004','','','',''),('00212','SVC0033','SVC0004','','','',''),('00213','SVC0051','SVC0005','','','',''),('00214','SVC0052','SVC0005','','','',''),('00215','SVC0080','SVC0005','','','',''),('00216','SVC0101','SVC0005','','','',''),('00217','SVC0003','SVC0005','','','',''),('00218','SVC0018','SVC0005','','','',''),('00219','SVC0020','SVC0007','','','',''),('00220','SVC0003','SVC0007','','','',''),('00221','SVC0018','SVC0007','','','',''),('00222','SVC0101','SVC0007','','','',''),('00223','SVC0080','SVC0007','','','',''),('00224','SVC0052','SVC0007','','','',''),('00225','SVC0074','SVC0007','','','',''),('00226','SVC0074','SVC0012','','','',''),('00227','SVC0052','SVC0012','','','',''),('00228','SVC0051','SVC0012','','','',''),('00229','SVC0028','SVC0012','','','',''),('00230','SVC0101','SVC0012','','','',''),('00231','SVC0018','SVC0012','','','',''),('00232','SVC0003','SVC0012','','','',''),('00233','SVC0003','SVC0013','','','',''),('00234','SVC0101','SVC0013','','','',''),('00235','SVC0080','SVC0013','','','',''),('00236','SVC0052','SVC0013','','','',''),('00237','SVC0052','SVC0016','','','',''),('00238','SVC0080','SVC0016','','','',''),('00239','SVC0101','SVC0016','','','',''),('00240','SVC0003','SVC0016','','','',''),('00241','SVC0018','SVC0016','','','',''),('00242','SVC0020','SVC0016','','','',''),('00243','SVC0020','SVC0018','','','',''),('00244','SVC0003','SVC0018','','','',''),('00245','SVC0101','SVC0018','','','',''),('00246','SVC0080','SVC0018','','','',''),('00247','SVC0052','SVC0018','','','',''),('00248','SVC0051','SVC0018','','','',''),('00249','SVC0051','SVC0019','','','',''),('00250','SVC0040','SVC0019','','','',''),('00251','SVC0075','SVC0019','','','',''),('00252','SVC0080','SVC0019','','','',''),('00253','SVC0081','SVC0019','','','',''),('00254','SVC0003','SVC0019','','','',''),('00255','SVC0017','SVC0019','','','',''),('00256','SVC0022','SVC0019','','','',''),('00257','SVC0026','SVC0019','','','',''),('00258','SVC0022','SVC0020','','','',''),('00259','SVC0017','SVC0020','','','',''),('00260','SVC0003','SVC0020','','','',''),('00261','SVC0082','SVC0020','','','',''),('00262','SVC0080','SVC0020','','','',''),('00263','SVC0070','SVC0020','','','',''),('00264','SVC0101','SVC0020','','','',''),('00265','SVC0075','SVC0020','','','',''),('00266','SVC0052','SVC0024','','','',''),('00267','SVC0051','SVC0024','','','',''),('00268','SVC0101','SVC0024','','','',''),('00269','SVC0080','SVC0024','','','',''),('00270','SVC0003','SVC0024','','','',''),('00271','SVC0018','SVC0024','','','',''),('00272','SVC0026','SVC0025','','','',''),('00273','SVC0101','SVC0025','','','',''),('00274','SVC0033','SVC0028','','','',''),('00275','SVC0051','SVC0028','','','',''),('00276','SVC0052','SVC0028','','','',''),('00277','SVC0101','SVC0028','','','',''),('00278','SVC0080','SVC0028','','','',''),('00279','SVC0003','SVC0028','','','',''),('00280','SVC0003','SVC0030','','','',''),('00281','SVC0018','SVC0030','','','',''),('00282','SVC0080','SVC0030','','','',''),('00283','SVC0101','SVC0030','','','',''),('00284','SVC0052','SVC0030','','','',''),('00285','SVC0052','SVC0033','','','',''),('00286','SVC0074','SVC0033','','','',''),('00287','SVC0101','SVC0033','','','',''),('00288','SVC0080','SVC0033','','','',''),('00289','SVC0018','SVC0033','','','',''),('00290','SVC0003','SVC0033','','','',''),('00291','SVC0003','SVC0036','','','',''),('00292','SVC0080','SVC0036','','','',''),('00293','SVC0101','SVC0036','','','',''),('00294','SVC0055','SVC0036','','','',''),('00295','SVC0052','SVC0036','','','',''),('00296','SVC0075','SVC0036','','','',''),('00297','SVC0074','SVC0036','','','',''),('00298','SVC0051','SVC0036','','','',''),('00299','SVC0033','SVC0037','','','',''),('00300','SVC0028','SVC0037','','','',''),('00301','SVC0052','SVC0037','','','',''),('00302','SVC0101','SVC0037','','','',''),('00303','SVC0095','SVC0037','','','',''),('00304','SVC0080','SVC0037','','','',''),('00305','SVC0003','SVC0037','','','',''),('00306','SVC0016','SVC0037','','','',''),('00307','SVC0018','SVC0037','','','',''),('00308','SVC0018','SVC0044','','','',''),('00309','SVC0003','SVC0044','','','',''),('00310','SVC0080','SVC0044','','','',''),('00311','SVC0101','SVC0044','','','',''),('00312','SVC0052','SVC0044','','','',''),('00313','SVC0052','SVC0046','','','',''),('00314','SVC0101','SVC0046','','','',''),('00315','SVC0080','SVC0046','','','',''),('00316','SVC0003','SVC0046','','','',''),('00317','SVC0018','SVC0046','','','',''),('00318','SVC0017','SVC0047','','','',''),('00319','SVC0026','SVC0047','','','',''),('00320','SVC0022','SVC0047','','','',''),('00321','SVC0020','SVC0047','','','',''),('00322','SVC0003','SVC0047','','','',''),('00323','SVC0080','SVC0047','','','',''),('00324','SVC0052','SVC0047','','','',''),('00325','SVC0055','SVC0047','','','',''),('00326','SVC0075','SVC0047','','','',''),('00327','SVC0051','SVC0047','','','',''),('00328','SVC0052','SVC0049','','','',''),('00329','SVC0080','SVC0049','','','',''),('00330','SVC0101','SVC0049','','','',''),('00331','SVC0003','SVC0049','','','',''),('00332','SVC0018','SVC0049','','','',''),('00333','SVC0003','SVC0050','','','',''),('00334','SVC0101','SVC0050','','','',''),('00335','SVC0052','SVC0050','','','',''),('00336','SVC0051','SVC0050','','','',''),('00337','SVC0052','SVC0051','','','',''),('00338','SVC0075','SVC0051','','','',''),('00339','SVC0040','SVC0051','','','',''),('00340','SVC0055','SVC0051','','','',''),('00341','SVC0101','SVC0051','','','',''),('00342','SVC0080','SVC0051','','','',''),('00343','SVC0082','SVC0051','','','',''),('00344','SVC0003','SVC0051','','','',''),('00345','rackAccess','SVC0051','','','',''),('00346','SVC0017','SVC0051','','','',''),('00347','SVC0020','SVC0051','','','',''),('00348','SVC0022','SVC0051','','','',''),('00349','SVC0026','SVC0051','','','',''),('00350','itExtPower','SVC0051','','','',''),('00354','itDIIplusEl','SVC0051','','','',''),('00355','itDIIplusWat','SVC0051','','','',''),('00356','SVC0003','SVC0052','','','',''),('00357','SVC0101','SVC0052','','','',''),('00358','SVC0074','SVC0052','','','',''),('00359','SVC0051','SVC0052','','','',''),('00360','SVC0052','SVC0054','','','',''),('00361','SVC0101','SVC0054','','','',''),('00362','SVC0080','SVC0054','','','',''),('00363','SVC0003','SVC0054','','','',''),('00364','SVC0018','SVC0054','','','',''),('00365','SVC0018','SVC0055','','','',''),('00366','SVC0003','SVC0055','','','',''),('00367','SVC0080','SVC0055','','','',''),('00368','SVC0101','SVC0055','','','',''),('00369','SVC0074','SVC0055','','','',''),('00370','SVC0052','SVC0055','','','',''),('00371','SVC0052','SVC0060','','','',''),('00372','SVC0075','SVC0060','','','',''),('00373','SVC0101','SVC0060','','','',''),('00374','SVC0080','SVC0060','','','',''),('00375','SVC0003','SVC0060','','','',''),('00376','SVC0018','SVC0060','','','',''),('00377','319','SVC0060','','','',''),('00379','SVC0020','SVC0063','','','',''),('00380','SVC0003','SVC0063','','','',''),('00381','SVC0080','SVC0063','','','',''),('00382','SVC0082','SVC0063','','','',''),('00383','SVC0101','SVC0063','','','',''),('00384','SVC0075','SVC0063','','','',''),('00385','SVC0052','SVC0063','','','',''),('00386','SVC0052','SVC0067','','','',''),('00387','SVC0051','SVC0067','','','',''),('00388','SVC0101','SVC0067','','','',''),('00389','SVC0003','SVC0067','','','',''),('00390','SVC0003','SVC0070','','','',''),('00391','SVC0018','SVC0070','','','',''),('00392','SVC0101','SVC0070','','','',''),('00393','SVC0080','SVC0070','','','',''),('00394','SVC0024','SVC0070','','','',''),('00395','SVC0052','SVC0070','','','',''),('00396','SVC0101','SVC0071','','','',''),('00398','SVC0018','SVC0074','','','',''),('00399','SVC0003','SVC0074','','','',''),('00400','SVC0101','SVC0074','','','',''),('00401','SVC0080','SVC0074','','','',''),('00402','SVC0052','SVC0074','','','',''),('00403','SVC0055','SVC0074','','','',''),('00404','SVC0055','SVC0075','','','',''),('00405','SVC0052','SVC0075','','','',''),('00406','SVC0051','SVC0075','','','',''),('00407','SVC0080','SVC0075','','','',''),('00408','SVC0082','SVC0075','','','',''),('00409','SVC0083','SVC0075','','','',''),('00410','SVC0003','SVC0075','','','',''),('00411','SVC0017','SVC0075','','','',''),('00412','SVC0020','SVC0075','','','',''),('00413','SVC0026','SVC0075','','','',''),('00414','SVC0022','SVC0075','','','',''),('00415','itHelpSupProf','SVC0075','','','',''),('00416','itHelpInc','SVC0075','','','',''),('00419','SVC0018','SVC0077','','','',''),('00420','SVC0003','SVC0077','','','',''),('00421','SVC0101','SVC0077','','','',''),('00422','SVC0051','SVC0077','','','',''),('00423','SVC0052','SVC0077','','','',''),('00424','SVC0101','SVC0078','','','',''),('00425','SVC0101','SVC0079','','','',''),('00426','SVC0080','SVC0079','','','',''),('00427','SVC0052','SVC0079','','','',''),('00428','SVC0003','SVC0079','','','',''),('00429','SVC0018','SVC0079','','','',''),('00430','SVC0017','SVC0080','','','',''),('00431','SVC0022','SVC0080','','','',''),('00432','SVC0026','SVC0080','','','',''),('00433','SVC0020','SVC0080','','','',''),('00434','SVC0003','SVC0080','','','',''),('00435','SVC0052','SVC0080','','','',''),('00436','SVC0051','SVC0080','','','',''),('00437','SVC0075','SVC0080','','','',''),('00438','SVC0055','SVC0080','','','',''),('00439','SVC0101','SVC0080','','','',''),('00440','SVC0084','SVC0080','','','',''),('00441','SVC0082','SVC0080','','','',''),('00442','SVC0081','SVC0080','','','',''),('00443','SVC0082','SVC0081','','','',''),('00444','SVC0083','SVC0081','','','',''),('00445','SVC0101','SVC0081','','','',''),('00446','SVC0055','SVC0081','','','',''),('00447','SVC0080','SVC0081','','','',''),('00448','SVC0051','SVC0081','','','',''),('00449','SVC0052','SVC0081','','','',''),('00450','SVC0003','SVC0081','','','',''),('00451','sanExper','SVC0081','','','',''),('00452','SANmgtConsole1','SVC0081','','','',''),('00453','SANmgtConsole2','SVC0081','','','',''),('00454','SANmgtConsole3','SVC0081','','','',''),('00455','sanSysAdmin','SVC0081','','','',''),('00456','SVC0026','SVC0081','','','',''),('00457','SVC0022','SVC0081','','','',''),('00458','SVC0017','SVC0081','','','',''),('00461','itNetworkFC','SVC0081','','','',''),('00462','itNetworkFC_INJ','SVC0081','','','',''),('00463','itNetworkFCx','SVC0081','','','',''),('00464','itNetworkSCSI','SVC0081','','','',''),('00465','itHelpSupProf','SVC0081','','','',''),('00466','ciscoStoNet','SVC0081','','','',''),('00467','dataRepApp','SVC0081','','','',''),('00468','dataVirtual','SVC0081','','','',''),('00469','emcStorage','SVC0081','','','',''),('00470','blockStorageINJ','SVC0081','','','',''),('00471','blockStorageMA','SVC0081','','','',''),('00472','737','SVC0082','','','',''),('00473','itMailcleaner','SVC0082','','','',''),('00475','itExchangeApp','SVC0082','','','',''),('00476','SVC0026','SVC0082','','','',''),('00477','SVC0052','SVC0082','','','',''),('00478','SVC0051','SVC0082','','','',''),('00479','SVC0074','SVC0082','','','',''),('00480','SVC0055','SVC0082','','','',''),('00481','SVC0083','SVC0082','','','',''),('00482','SVC0081','SVC0082','','','',''),('00483','SVC0101','SVC0083','','','',''),('00484','SVC0074','SVC0083','','','',''),('00485','SVC0020','SVC0083','','','',''),('00486','SVC0020','SVC0085','','','',''),('00487','SVC0018','SVC0085','','','',''),('00488','SVC0003','SVC0085','','','',''),('00489','SVC0080','SVC0085','','','',''),('00490','SVC0074','SVC0085','','','',''),('00491','SVC0052','SVC0085','','','',''),('00492','SVC0101','SVC0085','','','',''),('00493','SVC0082','SVC0087','','','',''),('00494','SVC0052','SVC0087','','','',''),('00495','SVC0051','SVC0087','','','',''),('00496','SVC0030','SVC0087','','','',''),('00497','SVC0055','SVC0087','','','',''),('00498','SVC0080','SVC0087','','','',''),('00499','SVC0003','SVC0087','','','',''),('00500','SVC0017','SVC0087','','','',''),('00501','SVC0022','SVC0087','','','',''),('00502','SVC0018','SVC0089','','','',''),('00503','SVC0003','SVC0089','','','',''),('00504','Info_app','SVC0089','','','',''),('00505','Info_fav1','SVC0089','','','',''),('00506','Info_fav2','SVC0089','','','',''),('00507','Info_fav3','SVC0089','','','',''),('00508','Info_sisb','SVC0089','','','',''),('00509','Info_Str','SVC0089','','','',''),('00510','InfoscExec','SVC0089','','','',''),('00512','80','SVC0089','','','',''),('00513','SVC0080','SVC0089','','','',''),('00514','SVC0051','SVC0089','','','',''),('00515','SVC0052','SVC0089','','','',''),('00516','SVC0101','SVC0089','','','',''),('00517','SVC0101','SVC0092','','','',''),('00518','SVC0052','SVC0092','','','',''),('00519','SVC0079','SVC0092','','','',''),('00520','SVC0080','SVC0092','','','',''),('00521','SVC0003','SVC0092','','','',''),('00522','SVC0018','SVC0092','','','',''),('00523','SVC0018','SVC0095','','','',''),('00524','SVC0003','SVC0095','','','',''),('00525','SVC0080','SVC0095','','','',''),('00526','SVC0052','SVC0095','','','',''),('00527','SVC0101','SVC0095','','','',''),('00528','SVC0101','SVC0100','','','',''),('00529','SVC0052','SVC0100','','','',''),('00530','SVC0080','SVC0100','','','',''),('00531','SVC0003','SVC0100','','','',''),('00532','SVC0018','SVC0100','','','',''),('00533','SVC0003','SVC0101','','','',''),('00534','SVC0080','SVC0101','','','',''),('00535','SVC0075','SVC0101','','','',''),('00536','SVC0055','SVC0101','','','',''),('00537','SVC0074','SVC0101','','','',''),('00538','SVC0052','SVC0101','','','',''),('00539','SVC0051','SVC0101','','','',''),('00540','SVC0101','SVC0102','','','',''),('00541','SVC0052','SVC0102','','','',''),('00542','SVC0080','SVC0102','','','',''),('00543','SVC0003','SVC0102','','','',''),('00544','SVC0018','SVC0102','','','',''),('00554','244','104','','','',''),('00555','227','104','','','',''),('00556','161','108','','','',''),('00557','120','108','','','',''),('00558','122','108','','','',''),('00559','117','108','','','',''),('00560','140','108','','','',''),('00563','256','101','','','',''),('00564','128','101','','','',''),('00565','183','101','','','',''),('00566','255','115','','','',''),('00567','170','115','','','',''),('00568','247','113','','','',''),('00569','160','113','','','',''),('00570','177','113','','','',''),('00571','144','113','','','',''),('00572','251','113','','','',''),('00573','127','100','','','',''),('00574','165','100','','','',''),('00575','202','107','','','',''),('00576','150','107','','','',''),('00577','148','107','','','',''),('00578','222','122','','','',''),('00579','164','122','','','',''),('00580','232','122','','','',''),('00581','223','106','','','',''),('00582','121','106','','','',''),('00585','208','123','','','',''),('00586','123','123','','','',''),('00587','173','123','','','',''),('00588','116','123','','','',''),('00589','178','123','','','',''),('00590','133','128','','','',''),('00591','169','128','','','',''),('00592','230','133','','','',''),('00593','179','133','','','',''),('00594','127','133','','','',''),('00595','165','133','','','',''),('00596','199','133','','','',''),('00597','210','133','','','',''),('00598','229','105','','','',''),('00599','242','105','','','',''),('00600','174','125','','','',''),('00601','205','125','','','',''),('00602','134','125','','','',''),('00604','233','121','','','',''),('00605','243','121','','','',''),('00606','136','121','','','',''),('00607','186','121','','','',''),('00608','191','121','','','',''),('00609','241','99','','','',''),('00610','135','99','','','',''),('00611','215','99','','','',''),('00612','260','99','','','',''),('00613','152','132','','','',''),('00614','141','132','','','',''),('00615','168','132','','','',''),('00616','119','132','','','',''),('00623','146','119','','','',''),('00624','220','119','','','',''),('00625','228','119','','','',''),('00626','226','119','','','',''),('00627','156','119','','','',''),('00628','248','119','','','',''),('00629','246','119','','','',''),('00630','212','119','','','',''),('00631','192','130','','','',''),('00632','179','130','','','',''),('00633','141','130','','','',''),('00634','259','130','','','',''),('00635','157','130','','','',''),('00636','127','130','','','',''),('00637','165','130','','','',''),('00638','145','130','','','',''),('00639','234','130','','','',''),('00640','153','114','','','',''),('00641','126','114','','','',''),('00642','182','114','','','',''),('00643','141','114','','','',''),('00644','215','114','','','',''),('00645','118','114','','','',''),('00646','143','114','','','',''),('00647','180','114','','','',''),('00648','231','114','','','',''),('00649','262','134','','','',''),('00650','137','134','','','',''),('00651','236','134','','','',''),('00652','151','116','','','',''),('00653','154','116','','','',''),('00654','175','116','','','',''),('00655','187','116','','','',''),('00656','142','116','','','',''),('00657','171','116','','','',''),('00658','139','116','','','',''),('00659','172','116','','','',''),('00660','209','116','','','',''),('00661','130','116','','','',''),('00662','249','116','','','',''),('00663','SVC0075','116','','','',''),('00664','185','116','','','',''),('00667','254','112','','','',''),('00669','162','112','','','',''),('00670','207','112','','','',''),('00671','217','112','','','',''),('00672','218','112','','','',''),('00673','206','112','','','',''),('00674','132','127','','','',''),('00675','261','127','','','',''),('00678','147','126','','','',''),('00679','181','126','','','',''),('00680','122','126','','','',''),('00681','254','126','','','',''),('00683','215','102','','','',''),('00684','260','102','','','',''),('00685','239','129','','','',''),('00686','235','129','','','',''),('00687','138','103','','','',''),('00688','203','124','','','',''),('00689','198','124','','','',''),('00690','158','124','','','',''),('00691','204','124','','','',''),('00692','237','124','','','',''),('00695','238','111','','','',''),('00696','176','111','','','',''),('00697','184','111','','','',''),('00698','252','111','','','',''),('00699','216','111','','','',''),('00700','250','111','','','',''),('00701','197','117','','','',''),('00702','199','117','','','',''),('00703','224','118','','','',''),('00704','149','118','','','',''),('00707','155','131','','','',''),('00711','275','146','','','',''),('00712','291','146','','','',''),('00713','278','146','','','',''),('00714','283','146','','','',''),('00715','289','146','','','',''),('00716','296','136','','','',''),('00717','273','143','','','',''),('00718','294','143','','','',''),('00719','287','158','','','',''),('00720','304','158','','','',''),('00721','277','158','','','',''),('00722','293','158','','','',''),('00723','303','138','','','',''),('00724','SVC0071','138','','','',''),('00725','296','154','','','',''),('00726','273','137','','','',''),('00727','286','137','','','',''),('00728','273','152','','','',''),('00729','284','152','','','',''),('00730','273','151','','','',''),('00731','294','151','','','',''),('00732','273','140','','','',''),('00733','281','140','','','',''),('00736','297','150','','','',''),('00737','SVC0071','150','','','',''),('00738','301','149','','','',''),('00739','276','149','','','',''),('00740','SVC0071','149','','','',''),('00741','273','145','','','',''),('00742','274','145','','','',''),('00743','282','157','','','',''),('00744','290','157','','','',''),('00745','278','157','','','',''),('00746','299','157','','','',''),('00747','283','157','','','',''),('00748','296','142','','','',''),('00751','273','156','','','',''),('00752','281','156','','','',''),('00753','273','135','','','',''),('00754','288','135','','','',''),('00757','275','SVC0071','','','',''),('00758','291','SVC0071','','','',''),('00759','295','SVC0071','','','',''),('00760','305','SVC0071','','','',''),('00761','289','SVC0071','','','',''),('00762','276','153','','','',''),('00763','280','153','','','',''),('00764','273','144','','','',''),('00765','286','144','','','',''),('00766','276','155','','','',''),('00767','287','155','','','',''),('00768','124','SVC0060','','','',''),('00769','129','SVC0060','','','',''),('00770','159','SVC0060','','','',''),('00771','163','SVC0060','','','',''),('00772','221','SVC0060','','','',''),('00773','253','SVC0060','','','',''),('01529','300','140','','','',''),('1145','325','159','','','',''),('1146','329','159','','','',''),('1147','334','159','','','',''),('1148','336','159','','','',''),('1149','338','159','','','',''),('1150','328','159','','','',''),('1151','254','159','','','',''),('1293','330','SVC0060','','','',''),('1433','321','112','','','',''),('1467','321','126','','','',''),('1506','333','124','','','',''),('1507','332','124','','','',''),('1518','319','124','','','',''),('1519','318','124','','','',''),('1520','320','124','','','',''),('1521','273','124','','','',''),('1522','279','124','','','',''),('1523','317','124','JSON','REST','Moyen','Niv3'),('1524','322','124','JSON','REST','',''),('1525','225','124','JSON','REST','',''),('1526','257','124','','','',''),('1527','196','124','','','',''),('1528','SVC0080','124','','','',''),('1530','300','143','','','',''),('1531','300','137','','','',''),('2305','258','124','JSON','REST','Faible','Niv1'),('2647','296','152','','','',''),('2661','292','151','','','',''),('2735','296','145','','','',''),('2796','298','156','','SQL','',''),('2797','302','156','','','',''),('2878','296','135','','','',''),('3098','285','144','','SQL','',''),('3099','366','162','','','',''),('3100','367','161','','','',''),('3101','381','163','','','',''),('3102','366','164','','','',''),('3103','352','164','','','',''),('3104','379','164','','','',''),('3105','372','163','','','',''),('3106','351','162','','','',''),('3107','382','163','','','',''),('3108','378','163','','','',''),('3109','383','163','','','',''),('3110','339','160','','','',''),('3111','374','162','','','',''),('3112','368','163','','','',''),('3113','344','164','','','',''),('3114','SVC0020','161','','','',''),('3115','346','163','','','',''),('3116','365','161','','','',''),('3117','SVC0052','161','','','',''),('3118','345','163','','','',''),('3119','343','164','','','',''),('3120','356','160','','','',''),('3121','SVC0071','161','','','',''),('3122','347','164','','','',''),('3123','359','163','','','',''),('3124','358','161','','','',''),('3125','353','164','','','',''),('3126','357','161','','','',''),('3127','380','163','','','',''),('3128','362','161','','','',''),('3129','361','160','','','',''),('3130','375','164','','','',''),('3131','SVC0080','161','','','',''),('3132','356','161','','','',''),('3133','377','164','','','',''),('3134','340','161','','','',''),('3135','353','162','','','',''),('3136','SVC0075','161','','','',''),('3137','360','161','','','',''),('3138','352','162','','','',''),('3139','376','161','','','',''),('3140','350','161','','','',''),('3141','373','161','','','',''),('3142','348','164','','','',''),('3143','363','162','','','',''),('3144','341','161','','','',''),('3145','349','161','','','',''),('3146','355','163','','','',''),('3147','342','161','','','',''),('3148','370','161','','','',''),('3149','369','161','','','',''),('3150','371','161','','','',''),('3151','354','163','','','',''),('3152','364','164','','','',''),('3153','400','165','','','',''),('3154','323','165','','','',''),('3155','124','169','','','',''),('3156','402','168','','','',''),('3157','395','168','','','',''),('3158','396','170','','','',''),('3159','392','170','','','',''),('3160','401','168','','','',''),('3161','406','168','','','',''),('3162','390','170','','','',''),('3163','404','167','','','',''),('3164','391','168','','','',''),('3165','389','166','','','',''),('3166','410','169','','','',''),('3167','394','168','','','',''),('3168','186','169','','','',''),('3169','412','170','','','',''),('3170','397','168','','','',''),('3171','403','168','','','',''),('3172','104','168','','','',''),('3173','399','170','','','',''),('3174','388','169','','','',''),('3175','393','167','','','',''),('3176','SVC0116','169','','','',''),('3177','386','169','','','',''),('3178','411','168','','','',''),('3179','398','170','','','',''),('3180','409','168','','','',''),('3181','387','165','','','',''),('3182','408','168','','','',''),('3183','283','168','','','',''),('3184','273','166','','','',''),('3185','159','169','','','',''),('3186','itNetworkFC','168','','','',''),('3187','430','SVC0016','','','',''),('3188','416','174','','','',''),('3189','426','SVC0016','','','',''),('3190','423','174','','','',''),('3191','SVC0016','173','','','',''),('3192','itNetworkFC','171','','','',''),('3193','434','174','','','',''),('3194','427','174','','','',''),('3195','433','174','','','',''),('3196','425','173','','','',''),('3197','432','174','','','',''),('3198','420','SVC0016','','','',''),('3199','417','SVC0016','','','',''),('3200','dataVirtual','174','','','',''),('3201','737','SVC0016','','','',''),('3202','435','SVC0016','','','',''),('3203','428','SVC0016','','','',''),('3204','SVC0081','171','','','',''),('3205','431','172','','','',''),('3206','421','173','','','',''),('3207','422','173','','','',''),('3208','418','173','','','',''),('3209','itNetworkFC_INJ','171','','','',''),('3210','419','173','','','',''),('3211','395','171','','','',''),('3212','429','173','','','',''),('3213','405','170','','','',''),('3214','463','181','','','',''),('3215','439','179','','','',''),('3216','453','176','','','',''),('3217','442','178','','','',''),('3218','446','176','','','',''),('3219','01_Lab_04','178','','','',''),('3220','452','178','','','',''),('3221','382','178','','','',''),('3222','440','180','','','',''),('3223','459','177','','','',''),('3224','462','176','','','',''),('3225','440','181','','','',''),('3226','443','178','','','',''),('3227','456','178','','','',''),('3228','444','178','','','',''),('3229','455','179','','','',''),('3230','460','177','','','',''),('3231','461','177','','','',''),('3232','449','179','','','',''),('3233','458','181','','','',''),('3234','438','179','','','',''),('3235','457','180','','','',''),('3236','441','179','','','',''),('3237','445','180','','','',''),('3238','450','180','','','',''),('3239','451','176','','','',''),('3240','454','179','','','',''),('3241','368','155','','','',''),('3242','400','182','','','',''),('3243','466','182','','','',''),('3244','388','183','','','',''),('3245','469','185','','','',''),('3246','395','185','','','',''),('3247','396','182','','','',''),('3248','467','182','','','',''),('3249','401','185','','','',''),('3250','406','185','','','',''),('3251','472','184','','','',''),('3252','394','185','','','',''),('3253','470','183','','','',''),('3254','399','182','','','',''),('3255','412','182','','','',''),('3256','397','185','','','',''),('3257','471','185','','','',''),('3258','104','185','','','',''),('3259','393','184','','','',''),('3260','468','185','','','',''),('3261','466','183','','','',''),('3262','398','182','','','',''),('3263','475','185','','','',''),('3264','390','182','','','',''),('3265','474','185','','','',''),('3266','283','185','','','',''),('3267','itNetworkFC','185','','','',''),('3268','519','196','','','',''),('3269','479','195','','','',''),('3270','526','192','','','',''),('3271','487','186','','','',''),('3272','477','191','','','',''),('3273','515','190','','','',''),('3274','512','189','','','',''),('3275','490','196','','','',''),('3276','511','187','','','',''),('3277','518','195','','','',''),('3278','522','195','','','',''),('3279','493','196','','','',''),('3280','495','196','','','',''),('3281','501','194','','','',''),('3282','525','187','','','',''),('3283','507','192','','','',''),('3284','480','193','','','',''),('3285','514','195','','','',''),('3286','496','186','','','',''),('3287','517','192','','','',''),('3288','497','190','','','',''),('3289','508','187','','','',''),('3290','529','196','','','',''),('3291','506','187','','','',''),('3292','532','189','','','',''),('3293','505','187','','','',''),('3294','482','194','','','',''),('3295','520','188','','','',''),('3296','376','189','','','',''),('3297','531','186','','','',''),('3298','481','193','','','',''),('3299','478','189','','','',''),('3300','534','196','','','',''),('3301','484','187','','','',''),('3302','527','196','','','',''),('3303','499','196','','','',''),('3304','516','196','','','',''),('3305','513','196','','','',''),('3306','SVC0051','189','','','',''),('3307','533','186','','','',''),('3308','530','191','','','',''),('3309','488','196','','','',''),('3310','524','189','','','',''),('3311','491','186','','','',''),('3312','503','189','','','',''),('3313','535','190','','','',''),('3314','523','190','','','',''),('3315','489','190','','','',''),('3316','486','186','','','',''),('3317','494','190','','','',''),('3318','483','190','','','',''),('3319','498','191','','','',''),('3320','509','196','','','',''),('3321','509','190','','','',''),('3322','500','192','','','',''),('3323','485','196','','','',''),('3324','521','194','','','',''),('3325','504','195','','','',''),('3326','SVC0003','189','','','',''),('3327','528','190','','','',''),('3387','597','206','','HTTP','',''),('3388','332','206','','','',''),('3389','434','206','','HTTP','',''),('3390','592','204','','','',''),('3391','SVC0100','204','','','',''),('3392','594','204','','','',''),('3393','203','206','','','',''),('3394','588','206','','FILESYSTEM','',''),('3395','586','205','','','',''),('3396','582','206','','','',''),('3397','sap-hr-am','206','','FILESYSTEM','',''),('3398','423','206','','','',''),('3399','273','206','','','',''),('3400','596','206','','','',''),('3401','589','204','','','',''),('3402','443','205','','','',''),('3403','426','205','','','',''),('3404','591','204','','','',''),('3405','598','205','','','',''),('3406','587','204','','','',''),('3407','SVC0080','205','','','',''),('3408','599','205','','','',''),('3409','590','204','','','',''),('3410','584','205','','','',''),('3411','583','206','','','',''),('3412','593','204','','','',''),('3413','595','204','','','',''),('3414','585','206','','','',''),('3415','605','SVC0003','','','',''),('3416','611','207','','','',''),('3417','616','207','','','',''),('3418','610','208','','','',''),('3419','612','SVC0003','','','',''),('3420','614','210','','','',''),('3421','608','208','','','',''),('3422','607','209','','','',''),('3423','613','210','','','',''),('3424','602','209','','','',''),('3425','615','207','','','',''),('3426','601','SVC0003','','','',''),('3427','604','210','','','',''),('3428','603','209','','','',''),('3429','608','209','','','',''),('3430','606','208','','','',''),('3431','609','207','','','',''),('3432','610','209','','','',''),('3433','611','210','','','',''),('3434','625','212','','','',''),('3435','621','214','','','',''),('3436','637','153','','','',''),('3437','SVC0075','214','','','',''),('3438','630','SVC0075','','','',''),('3439','636','213','','','',''),('3440','638','SVC0075','','','',''),('3441','01_Lab_04','214','','','',''),('3442','623','212','','','',''),('3443','637','138','','','',''),('3444','626','SVC0075','','','',''),('3445','601','SVC0075','','','',''),('3446','633','SVC0075','','','',''),('3447','624','SVC0075','','','',''),('3448','622','SVC0075','','','',''),('3449','636','211','JSON','HTTP','',''),('3450','617','213','','','',''),('3451','632','213','','','',''),('3452','618','SVC0075','','','',''),('3453','629','SVC0075','','','',''),('3454','634','213','','','',''),('3455','SVC0075','153','','','',''),('3456','619','212','','','',''),('3457','SVC0075','138','','','',''),('3458','627','211','JSON','HTTP','',''),('3459','634','211','','','',''),('3460','620','212','','','',''),('3461','635','212','','','',''),('3462','631','138','','','',''),('3463','707','215','','','',''),('3464','692','218','','','Moyen',''),('3465','712','215','','','',''),('3466','203','218','','','',''),('3467','699','215','','','',''),('3468','687','218','','','Moyen',''),('3469','688','215','','','',''),('3470','416','218','','','',''),('3471','695','218','','','Moyen',''),('3472','696','215','','','',''),('3473','711','216','','','',''),('3474','685','218','','','',''),('3475','686','218','','','',''),('3476','680','216','','','',''),('3477','397','218','','','',''),('3478','697','215','','','',''),('3479','704','218','','','',''),('3480','690','215','','','',''),('3481','717','218','','','',''),('3482','694','215','','','',''),('3483','701','218','','','',''),('3484','677','215','','','',''),('3485','682','218','','','',''),('3486','710','215','','','',''),('3487','706','215','','','',''),('3488','702','215','','','',''),('3489','708','218','','','',''),('3490','714','216','','','',''),('3491','709','215','','','',''),('3492','716','217','','','',''),('3493','689','218','','','',''),('3494','718','216','','','',''),('3495','693','218','','','',''),('3496','713','218','','','',''),('3497','698','215','','','',''),('3498','434','218','','','',''),('3499','681','218','','','',''),('3500','691','215','','','',''),('3501','703','218','','','',''),('3502','705','218','','','',''),('3503','683','215','','','',''),('3504','sap-pi','218','','','',''),('3505','700','218','','','',''),('3506','715','218','','','',''),('3507','724','223','','','',''),('3508','732','222','','','',''),('3509','723','221','','','',''),('3510','729','220','','','',''),('3511','728','222','','','',''),('3512','397','221','','','',''),('3513','721','220','','','',''),('3514','734','220','','','',''),('3515','SVC0128','222','','','',''),('3516','198','221','','','',''),('3517','737','220','','','',''),('3518','738','221','','','',''),('3519','726','223','','','',''),('3520','720','221','','','',''),('3521','735','220','','','',''),('3522','722','220','','','',''),('3523','203','221','','','',''),('3524','730','220','','','',''),('3525','731','223','','','',''),('3526','727','220','','','',''),('3527','434','221','','','',''),('3528','719','223','','','',''),('3529','725','220','','','',''),('3530','733','221','','','',''),('3531','736','221','','','',''),('3532','762','224','','','',''),('3533','743','224','','','',''),('3534','748','226','','','',''),('3535','747','225','','','',''),('3536','203','225','','','',''),('3537','754','224','','','',''),('3538','742','225','','','',''),('3539','750','224','','','',''),('3540','394','225','','','',''),('3541','745','225','','','',''),('3542','752','225','','','',''),('3543','760','226','','','',''),('3544','602','225','','','',''),('3545','759','225','','','',''),('3546','369','225','','','',''),('3547','753','224','','','',''),('3548','749','226','','','',''),('3549','763','225','','','',''),('3550','SVC0056','226','','','',''),('3551','758','225','','','',''),('3552','757','225','','','',''),('3553','744','225','','','',''),('3554','741','225','','','',''),('3555','400','224','','','',''),('3556','761','225','','','',''),('3557','755','225','','','',''),('3558','751','224','','','',''),('3559','746','224','','','',''),('3560','104','95','','','',''),('3561','108','SVC0052','','','',''),('3562','110','SVC0083','','','',''),('3563','SVC0072','227','','','',''),('3564','784','227','','','',''),('3565','SVC0053','228','','','',''),('3566','765','228','','','',''),('3567','774','227','','','',''),('3568','SVC0080','227','','','',''),('3569','SVC0020','227','','','',''),('3570','768','229','','SQL','',''),('3571','781','229','','','',''),('3572','773','228','','','',''),('3573','776','228','','','',''),('3574','769','229','','','',''),('3575','780','227','','','',''),('3576','443','227','','','',''),('3577','778','229','','','',''),('3578','767','227','','','',''),('3579','772','229','','SQL','',''),('3580','779','229','','','',''),('3581','770','227','','','',''),('3582','783','229','','','',''),('3583','766','229','TXT','FILESYSTEM','',''),('3584','771','227','','','',''),('3585','782','228','','','',''),('3586','777','228','','','',''),('3587','775','228','','','',''),('774','179','108','','','',''),('775','315','125','','','',''),('961','331','109','','','',''),('962','337','109','','','',''),('963','335','109','','','',''),('964','327','109','','','',''),('965','324','109','','','',''),('967','254','109','','','','');
/*!40000 ALTER TABLE `relation` ENABLE KEYS */;
UNLOCK TABLES;

--
-- Table structure for table `service`
--

DROP TABLE IF EXISTS `service`;
/*!40101 SET @saved_cs_client     = @@character_set_client */;
/*!40101 SET character_set_client = utf8 */;
CREATE TABLE `service` (
  `ID` varchar(30) NOT NULL,
  `Label` varchar(100) NOT NULL,
  `SystemId` varchar(30) NOT NULL,
  `URL1` varchar(255) DEFAULT NULL,
  `URL2` varchar(255) DEFAULT NULL,
  PRIMARY KEY (`ID`)
) ENGINE=InnoDB DEFAULT CHARSET=utf8;
/*!40101 SET character_set_client = @saved_cs_client */;

--
-- Dumping data for table `service`
--

LOCK TABLES `service` WRITE;
/*!40000 ALTER TABLE `service` DISABLE KEYS */;
INSERT INTO `service` VALUES ('00_fond_02','Vérifier conformité avec standards comptables','00_fond_02','',''),('00_fond_03','Financer la recherche universitaire','00_fond_03','',''),('00_fond_04','Financer la recherche universitaire','00_fond_04','',''),('00_Publ','Explorer publications EPFL','EPFLPlus','',''),('00_res_Comun','Utiliser et bénéficier des résultats de recherche','00_Res_Comun','',''),('01_Fac_01','Approuver engagement','01_Fac_01','',''),('01_Fac_02','Vérifier situation financière','01_Fac_01','',''),('01_Lab_04','Réaliser la recherche','01_Lab_04','',''),('01_Mgt_02','Surveiller des KPIs','01_Mgt_02','',''),('01_Mgt_03','Prise des mesures correctives','01_Mgt_02','',''),('01_Perf','Mesurer la performance de recherche EPFL','01_Mgt_02','',''),('01_Sup_06','Gérer le quotidien du contrat','01_Sup_05','',''),('01_Sup_07','Définir les régles financières EPFL','01_Sup_05','',''),('02_hr_0','Gérer le personnel','RH','',''),('02_hr_01','Négocier contrat d\'engagement','RH','',''),('02_hr_02','Terminer le contrat d\'engagement','RH','',''),('02_LabSec','Charger les documents du contrat final','LabSecr','',''),('02_labSec2','Demander l\'ouverture de fonds','LabSecr','',''),('02_LabSecr3','Demander la clôture de fonds','LabSecr','',''),('02_labse_14','Gérer les comptes du laboratoire','LabSecr','',''),('02_LabS_03','Suivre les conditions du contrat','LabSecr','',''),('02_LabS_18','Compléter les données du contrat','LabSecr','',''),('02_reo_05','Conseiller pour la soumission d\'un projet','REO','',''),('02_reo_11','Conseiller sur comment obtenir un financement','REO','',''),('02_reo_12','Conseiller sur comment interagir avec un bailleur de fonds','REO','',''),('02_sf_02','Accounting and financial follow-up for contracts','SF','',''),('02_sf_13','Fund management','SF','',''),('02_sf_14','Lab account operations','SF','',''),('02_tto_04','Negotiate and approve research contracts','TTO','',''),('02_tto_15','Intellectual property management','TTO','',''),('02_tto_16','Licence research technology','TTO','',''),('02_tto_18','Project documents management','TTO','',''),('103','Services aux clients','sec','',''),('104','Infrastructure d\'exécution','44','',''),('108','Infrastructure d\'exécution','19','',''),('110','Infrastructure d\'exécution','45','',''),('116','Analyser','70','',''),('117','Suivi Forum','63','',''),('118','Gestion de Projet','58','',''),('119','Organisation Travaux Pratiques','99','',''),('120','Maintenance Grader','61','',''),('121','Distribuer Mooc Privé','78','',''),('122','Corriger Exercice','61','',''),('123','Analyse données','01_Lab_04','',''),('124','Utiliser supports','4','',''),('125','Suivi Forum','91','',''),('126','Coordination Uni Afrique','56','',''),('127','Distribuer Mooc','55','',''),('128','Coordination','58','',''),('129','Recolter Exercices','81','',''),('130','Diriger','59','',''),('131','Fournir support','69','',''),('132','Promotion','78','',''),('133','Se former','63','',''),('134','Contrôle Continu','105','',''),('135','Donner Contenu','60','',''),('136','Coordonner','108','',''),('137','Co-production','78','',''),('138','Transmettre Savoir Faire','93','',''),('139','Produire video','89','',''),('140','Corriger Exercice','63','',''),('141','Financer','51','',''),('142','Produire Exercice','63','',''),('143','Assurance Qualité Afrique','96','',''),('144','Donner l\'objectif','113','',''),('145','Produire Mooc Publique','82','',''),('146','Apprendre Savoir Faire','75','',''),('147','Détection plagiat','90','',''),('148','Distribuer Mooc Publique','78','',''),('149','Conseil pédagogique','103','',''),('150','Etudier','53','',''),('151','Fournir support','59','',''),('152','Suivi Mise en Place Infrastructure','99','',''),('153','Coordonner','52','',''),('154','Monter vidéo','57','',''),('155','Transmettre Savoir Faire','92','',''),('156','Organisation visas','69','',''),('157','Examen Identifié','72','',''),('158','Alert','101','',''),('159','Rendre exercices','4','',''),('160','Recruter','70','',''),('161','Suivi Forum','61','',''),('162','PocketCampus','76','',''),('163','Distribution Resources','81','',''),('164','Négocier','70','',''),('165','Support Administratif','97','',''),('166','Corriger Exercice','91','',''),('168','Installer Infrastructure','98','',''),('169','Amélioration continue','78','',''),('170','Distribuer Mooc Africa','78','',''),('171','Conseiller','59','',''),('172','Encourager','46','',''),('173','Formatter les données','104','',''),('174','Sélection','105','',''),('175','Mettre en forme','61','',''),('176','Gérer Canaux Promotion','104','',''),('177','Se laisser convaincre','63','',''),('178','Définir Stratégie','77','',''),('179','Distribuer','83','',''),('180','Donner contenu','91','',''),('181','Détection plagiat','74','',''),('182','Contribuer','75','',''),('183','Exigences','81','',''),('184','Promouvoir','46','',''),('185','Intégrer Plateforme de Distribution avec Software','122','',''),('186','Enseigner','63','',''),('187','Démonstration','94','',''),('191','Exploitation Studio','92','',''),('192','Coordonner','80','',''),('195','Conseiller','69','',''),('196','GUI','66','',''),('197','Produire Mooc','75','',''),('198','Virtualisation serveur de test','dataVirtual','',''),('199','Produire Mooc Privé','82','',''),('202','Etudier','64','',''),('203','Virtualisation serveur de production','dataVirtual','',''),('204','Monitoring','101','',''),('205','Review Premier Enregistrement','105','',''),('206','Evaluation','63','',''),('207','Fournir resources enseignement','63','',''),('208','Envoyer données statistiques','83','',''),('209','Donner contenu','63','',''),('210','Négocier Contrat','95','',''),('211','Se former','91','',''),('212','Utilisation Mooc','63','',''),('215','Produire Mooc','55','',''),('216','Promotion','105','',''),('217','Fournir Quizz','63','',''),('218','Fournir Examen','63','',''),('220','Formation technique','89','',''),('221','Support Moodle','81','',''),('222','Négocier','68','',''),('223','Exploiter Cours','71','',''),('224','Recherche pédagogique','88','',''),('225','Inscriptions Etudiants','87','',''),('226','Formation pédagogique','59','',''),('227','Critères de sélection','111','',''),('228','Formation technique','57','',''),('229','Montage','92','',''),('230','Distribuer','60','',''),('231','Produire Exercice','91','',''),('232','Stratégie','85','',''),('233','Filmer','93','',''),('234','Gestion Locale','106','',''),('235','Suivi & Stratégie','62','',''),('236','Production Mooc','75','',''),('237','Exécuter code PHP','107','',''),('238','Canal Promotion','102','',''),('239','Dashboard / Reporting','78','',''),('240','Diriger','69','',''),('241','Donner Contenu','71','',''),('242','Fonctionnalités montage video','48','',''),('243','Support à Enseignant','92','',''),('244','Proposer Mooc','63','',''),('246','Inviter','52','',''),('247','Communiquer','70','',''),('248','Organisation voyages','69','',''),('249','Produire Exercice','61','',''),('250','Prospection Partenaire','52','',''),('251','Créer les conditions cadre','113','',''),('252','Présenter','70','',''),('253','Gestion Enseignement','63','',''),('254','Environnement d\'exécution','67','',''),('255','Etudier','100','',''),('256','Matériel de cours','91','',''),('257','Gérer les données','66','',''),('258','Plan Etudes','87','',''),('259','Produire Mooc Afrique','82','',''),('260','Assurance Qualité','96','',''),('261','Se laisser convaincre','65','',''),('262','Formation','78','',''),('263','Former','89','',''),('264','Mooc Privé','73','',''),('265','Mooc publique','73','it.epfl.ch/business_service.do?sysparm_document_key=cmdb_ci_service,897552e700104e000cde3b72ada75e51&sysparm_service=Moocs',''),('267','Mooc Africa','73','',''),('268','Publicité','73','',''),('269','Formation','73','',''),('270','Gouvernance','73','',''),('271','Former','57','',''),('272','Partenariat','73','',''),('273','Répartition charge & Tolérance aux pannes','22','',''),('274','Export données authentification','118','',''),('275','Authentification','12','',''),('276','Réseau Wifi','11','',''),('277','Utiliser Internet','114','',''),('278','Interface sur les antennes','117','',''),('279','Gestion SSL','22','',''),('280','Accéder applications','3','',''),('281','Authentification','36','',''),('282','Autorisation','34','',''),('283','Signal Radio','119','',''),('284','Notification changement','118','',''),('285','Stockage activité login/logout (IP)','20','',''),('286','Accounting','36','',''),('287','Accéder réseau','39','',''),('288','Informations groupe','118','',''),('289','Accounting','12','',''),('290','Accounting','34','',''),('291','Autorisation','12','',''),('292','Informations groupe','19','',''),('293','Fédération Radius','116','',''),('294','Autorisation','36','',''),('295','Gestion connexion VPN','120','',''),('296','Gérer données','25','',''),('297','Maintenance','13','',''),('298','Stockage infos authentification','18','',''),('299','Authentification','34','',''),('300','Redirection','116','',''),('301','Se former','4','',''),('302','Export données authentification','115','',''),('303','Accéder application à distance','3','',''),('304','Réseau Wifi','28','',''),('305','Stockage traces activité VPN','7','',''),('306','Télétravail','00_EPFL_01','',''),('307','Export données authentification','19','',''),('308','Réplication données','36','',''),('309','Accéder ressources cours','00_EPFL_01','',''),('310','Intervention à distance','00_EPFL_01','',''),('311','Notification changement','19','',''),('312','Travail','00_EPFL_01','',''),('313','Offrir accès réseau EPFL','00_EPFL_01','',''),('314','Offrir accès à Internet','00_EPFL_01','',''),('315','Droit de Regard','83','',''),('317','Cours','87','',''),('318','Gestion de données','123','',''),('319','Hébergement MariaDB','donsto','',''),('320','Fonctionnalités','66','',''),('321','Gérer la Plateforme','122','',''),('322','Etudiants','87','',''),('323','Postes de travail virtuels pour les cours','donsto','',''),('324','Support niveau 3','donsto','',''),('325','Gérer les archives','127','',''),('327','Support niveau 3','84','',''),('328','Développement spécifique','13','',''),('329','Définir l\'ergonomie','127','',''),('330','Evolution plateforme','81','',''),('331','Support niveau 1','97','',''),('332','Virtualisation serveur de développement','dataVirtual','',''),('333','Gestion infrastructure','84','',''),('334','Définir le design','127','',''),('335','Coordination technique','125','',''),('336','Définir la personnalisation','127','',''),('337','Support niveau 2 et 3','125','',''),('338','Conseil ergonomie','124','',''),('339','Gestion des fournisseurs','132','',''),('340','Gestion de phénogénomique','157','',''),('341','Gestion de données','129','',''),('342','Mesure','154','',''),('343','Pérenniser les données (curation)','159','',''),('344','Expertise utilisation équipements','152','',''),('345','Effectuer les expériences','152','',''),('346','Sous-traiter la recherche','149','',''),('347','Propose projet de recherche','01_Lab_04','',''),('348','Définir plan de gestion de données','128','',''),('349','Développement & Support SLims','130','',''),('350','Développement & Support Pyrat','144','',''),('351','Support et gestion de propriété intellectuelle','155','',''),('352','Conseil légal','159','',''),('353','Gestion d\'archivage perennité','161','',''),('354','Gestion connaissance et propriété intellectuelle','147','',''),('355','Recommandations de bonnes pratiques','151','',''),('356','Coordination','146','',''),('357','Développement spécifique','156','',''),('358','Gestion prestations scientifiques','150','',''),('359','Consulter données expérimentation publiées','138','',''),('360','Fonctionnalités','131','',''),('361','Gestion de la facturation interne/externe','153','',''),('362','Gestion infrastructure','134','',''),('363','Gestion des publications','136','',''),('364','Gestion administrative','141','',''),('365','Backup stockage','160','',''),('366','Infrastructure d\'exécution','162','',''),('367','Gestion infrastructure','143','',''),('368','Effectuer la recherche','149','',''),('369','Facturation électronique','145','',''),('370','Exécuter code Java','133','',''),('371','Traitement données bioinformatiques','137','',''),('372','Gérer et publier les données de recherche','147','',''),('373','Gestion des incidents','139','',''),('374','Outils pour gestion d\'information scientifique','135','',''),('375','Analyse des données','152','',''),('376','Réseau Câblé','restel','',''),('377','Protection de données','159','',''),('378','Contrôle qualité','140','',''),('379','Gestion de projet','146','',''),('380','Publication Scientifique','163','',''),('381','Mise à disposition de données brutes','163','',''),('382','Facturer','152','',''),('383','Assurance qualité','140','',''),('384','Infrastructure d\'Execution','148','',''),('385','Recherche','142','',''),('386','Affichage VM','167','',''),('387','Gèrer les Masters et les pools','164','',''),('388','Affichage VM','181','',''),('389','Serveur Web','174','',''),('390','Responsable Infrastructure','177','',''),('391','Etablissement connexion','175','',''),('392','Environnement d\'exécution','172','',''),('393','Monitoring','182','',''),('394','Lien Nom machine - IP','170','',''),('395','Hyperviseur','165','',''),('396','Technicien virtualisation','169','',''),('397','Base de données','173','',''),('398','Technicien virtualisation','178','',''),('399','Responsable virtualisation postes de travail','177','',''),('400','Service Manager','179','',''),('401','Distribution Adresse IP','176','',''),('402','Broker client','166','',''),('403','GPU','180','',''),('404','Monitoring','180','',''),('405','Envoi d\'alerte','172','',''),('406','Gestion Hyperviseurs','182','',''),('408','CPU','180','',''),('409','RAM','180','',''),('410','Faire passer des examens','63','',''),('411','Stockage','180','',''),('412','Technicien virtualisation','171','',''),('414','Etablissement connexion','168','',''),('415','Enseignement','00_EPFL_01','',''),('416','Gestion de droits','itAccred','',''),('417','Traiter incident','188','',''),('418','S\'informer','183','',''),('419','Publication contenu','192','',''),('420','Mandant','193','',''),('421','Relai information dans la presse','197','',''),('422','Relai information','198','',''),('423','Gestion données','129','',''),('425','Publication contenu','196','',''),('426','MySQL','donsto','',''),('427','Système d\'exploitation','184','',''),('428','Service Manager','124','',''),('429','Relai information','185','',''),('430','Environnement exécution','187','',''),('431','Partage','195','',''),('432','Gestion des actualités','186','',''),('433','Serveur Web','189','',''),('434','Authentification','194','',''),('435','Traiter évolution','188','',''),('437','Divulgation','00_EPFL_01','',''),('438','Transfert données','203','',''),('439','Export Structure Unitées','209','',''),('440','Exécution','208','',''),('441','Export utilisateurs','209','',''),('442','Maintenance','152','',''),('443','Service Manager','201','',''),('444','Recherche','199','',''),('445','Approbation','210','',''),('446','Mapping IP','207','',''),('447','Intégration','208','',''),('449','Export Accréditations','209','',''),('450','Demande ressource','205','',''),('451','Réseau EPNET','206','',''),('452','Recherche','202','',''),('453','Réservation','150','',''),('454','Développement','200','',''),('455','Import données CADI','150','',''),('456','Réservation','152','',''),('457','Définition règles de réservation','210','',''),('458','Emettre la facture','204','',''),('459','Gestion administrative','SF','',''),('460','Vérification','204','',''),('461','Envoi facture au SF','204','',''),('462','Facturation','150','',''),('463','Paiement','01_Lab_04','',''),('465','Facturation','152','',''),('466','Postes de travail virtuel pour les collaborateurs','donsto','',''),('467','Environnement d\'exécution','214','',''),('468','Connexion serveur','213','',''),('469','Broker client','212','',''),('470','Accès postes de travail virtuel pour effectuer leur travail quotidien','3','',''),('471','GPU','215','',''),('472','Monitoring','215','',''),('473','Envoi d\'alerte','214','',''),('474','CPU','215','',''),('475','RAM','215','',''),('476','Administration','00_EPFL_01','',''),('477','Gouvernance','216','',''),('478','Gestion accès','232','',''),('479','Veille à la conformité du service','128','',''),('480','Donner les fonds','REO','',''),('481','Donner les fonds','128','',''),('482','Direction opérationnelle','227','',''),('483','Contabilité interne','SF','',''),('484','Support dédié','216','',''),('485','Résolution','230','',''),('486','Demande ressources calcul','128','',''),('487','Conseil infrastructure niveau 2','224','',''),('488','Identification problème','230','',''),('489','Transfert argent','SF','',''),('490','Escalade','230','',''),('491','Fournir infrastructure','233','',''),('492','Conseil infrastructure','231','',''),('493','Transfert','230','',''),('494','Coordination','237','',''),('495','Gestion demande','139','',''),('496','Conseil infrastructure','233','',''),('497','Suivi financier','217','',''),('498','Mesurer la performance de la recherche EPFL','236','',''),('499','Demande','205','',''),('500','Expertise applicative','224','',''),('501','Définir la stratégie','121','',''),('502','President','220','',''),('503','Authorisation','218','',''),('504','Conseil','226','',''),('505','Financement','216','',''),('506','Implémenter logiciel de simulation','205','',''),('507','Environnement d\'exécution','229','',''),('508','Conseil','216','',''),('509','Gestion organisationnelle','227','',''),('510','Fournir infrastructure','231','',''),('511','Support','216','',''),('512','Authorisation','118','',''),('513','Guichet annonce','itDITHelp','',''),('514','Secrétaire','227','',''),('515','Gestion contrat externe','REO','',''),('516','Gestion escalade niveau 1','227','',''),('517','Coordination','227','',''),('518','Mandant des projets','220','',''),('519','Escalade','205','',''),('520','Gestion infrastructure','219','',''),('521','Direction académique','222','',''),('522','Observateur','235','',''),('523','Demande allocation RH dédiée','128','',''),('524','Puissance calcul','225','',''),('525','Serveurs de calcul','216','https://it.epfl.ch/business_service.do?sysparm_document_key=cmdb_ci_service,ca5c598e0ff121009f8579f692050e2f&sysparm_service=Service_de_calcul','http://scitas.epfl.ch/'),('526','Administration','221','',''),('527','Support niveau 1','230','',''),('528','Ouverture compte','SF','',''),('529','Gestion escalade niveau 2','222','',''),('530','Surveillerdes KPIs','236','',''),('531','Conseil infrastructure niveau 1','227','',''),('532','Puissance calcul','223','',''),('533','Demande ressources calcul.','228','',''),('534','Gestion escalade niveau 2','128','',''),('535','Support','224','',''),('536','Recherche académique','00_EPFL_01','',''),('537','Infrastructure','216','',''),('538','Support Dédié','216','',''),('539','Gouvernance','00_EPFL_01','',''),('582','SAP FI-CO: numéro projet EU','SAP-fi','',''),('583','Gestion accréditations','itAccred','',''),('584','Development','263','',''),('585','GUI','260','',''),('586','Support métier','RH','',''),('587','Gestion absence','3','',''),('588','Informations personnelles','264','',''),('589','Validation décomptes de congé','259','',''),('590','Gestion de l\'absence','259','',''),('591','Gestion heures supplémentaires','259','',''),('592','Reporting pour projets européens','259','',''),('593','Contrôle','265','',''),('594','Validation','265','',''),('595','Gestion absence','258','',''),('596','Import données','260','',''),('597','Gestion Agenda','itExchangeApp','',''),('598','Environnement d\'exécution','261','',''),('599','Mandant','262','',''),('600','Gestion administrative','00_EPFL_01','',''),('601','Service Manager','280','',''),('602','Backup','275','',''),('603','Gestion des demandes','268','',''),('604','Environnement d\'exécution','266','',''),('605','Backup stockage','278','',''),('606','Backup','269','',''),('607','Gestion de bande physique','273','',''),('608','Stockage sur bande','274','',''),('609','Environnement d\'exécution','267','',''),('610','Gestion de librairie','272','',''),('611','Hardware et support librairie','277','',''),('612','Backup stockage','270','',''),('613','Exploitation','276','',''),('614','Software & Support Tina','271','',''),('615','Software & Support NetBackup','279','',''),('616','Exploitation','281','',''),('617','Incident pour demande non standard','139','',''),('618','Matériel','287','',''),('619','Gestion de volumes','285','',''),('620','Stockage','286','',''),('621','Réaliser projet','4','',''),('622','Exploitation','282','',''),('623','Stockage','289','',''),('624','Support niveau 2','282','',''),('625','Gestion de réplication','285','',''),('626','Gestion standard de volume','284','',''),('627','Export données de demande standard','139','',''),('628','Support niveau 3','287','',''),('629','Environnement d\'exécution','284','',''),('630','Support niveau 2','288','',''),('631','Mandat de conseil','283','',''),('632','Traitement de demande non standard','282','',''),('633','Gestion non standard de volume','284','',''),('634','Gestion Storage Virtual Machine','282','',''),('635','Gestion de protocoles','285','',''),('636','Import données de demande','268','',''),('637','Accéder au stockage','3','',''),('638','Gérer le cycle de vie du volume','288','',''),('639','Recherche','00_EPFL_01','',''),('640','Notification fin de processus','300','',''),('641','Implémentation workflows','303','',''),('642','Validation commande','295','',''),('643','Réception article','292','',''),('644','Développement','297','',''),('645','Gestionnaire du registre','293','',''),('646','Validation commande','300','',''),('647','Notification fin de processus','298','',''),('648','Réception de commande article','291','',''),('649','Notification fin de processus','302','',''),('65','Outil d\'installation automatique des OS','matlog','',''),('650','Validation facture','300','',''),('651','Création demande de droit','300','',''),('652','Validation commande','298','',''),('653','Création demande de droit','217','',''),('654','Création demande de droit','294','',''),('655','Réception facture','292','',''),('656','Registre des signatures','app_admin','https://it.epfl.ch/business_service.do?sysparm_document_key=cmdb_ci_service,4f566ac54fc35240a984ca1f0310c7df&sysparm_service=registre_des_signatures','http://signatures.epfl.ch/'),('657','Intégration','SAP-PI','',''),('658','Réception de paiement','291','',''),('659','Création demande de droit','302','',''),('660','Création de facture','291','',''),('661','Gestion e-mails','itExchangeApp','',''),('662','Environnement d\'exécution','299','',''),('663','Notification par e-mail','303','',''),('664','Validation facture','295','',''),('665','Approbation','217','',''),('666','Réplication droits d\'achat','303','',''),('667','Approbation','300','',''),('668','Validation facture','298','',''),('669','Vérification signature manuscrite','SF','',''),('670','Gestion des signatures numérisées','303','',''),('671','Commande article','292','',''),('672','Paiement facture','SF','',''),('673','Développement','301','',''),('674','Notification fin de processus','217','',''),('675','Envoi d\'article','291','',''),('676','Notification fin de processus','294','',''),('677','Demande achat','296','',''),('678','Création délégation','296','',''),('679','Paiement','296','',''),('68','Blogs (integre avec 14)','pas_web','',''),('680','Appels d\'offre','312','',''),('681','Gestion des droits de signature','itAccred','',''),('682','Gestion consommables de labo','308','',''),('683','Commande achat','315','',''),('684','Workflow gestion produits sous autorisation','313','',''),('685','Base de données','306','',''),('686','Fiches de sécurité','309','',''),('687','Réception commande d\'achat','303','',''),('688','Validation achat équipement scientifique','REO','',''),('689','Création/Modification fournisseur','313','',''),('690','Commande achat','296','',''),('691','Réception article','296','',''),('692','Modification commande d\'achat','303','',''),('693','Création/Modification fournisseur','303','',''),('694','Editeur Buyer','316','',''),('695','Commande d\'achat','303','',''),('696','Editeur ERM','304','',''),('697','Environnement d\'exécution','317','',''),('698','Réception article','315','',''),('699','Achats','132','',''),('700','Réception commande d\'achat consommable labo','308','',''),('701','Listes de régulation','307','',''),('702','Service Manager','305','',''),('703','Gestion données sécuritaires','308','',''),('704','Workflow validation registre signatures','313','',''),('705','Laboratory information management','131','',''),('706','Commande article','315','',''),('707','Demande création fournisseur','296','',''),('708','Gestion des achats','313','',''),('709','Validation sécuritaire','310','',''),('710','Activation/Création fournisseur','SF','',''),('711','Validation création fournisseur','312','',''),('712','Demande création fournisseur','315','',''),('713','Gestion des stocks','308','',''),('714','Sourcing','312','',''),('715','Gestion des catalogues ERM','314','',''),('716','Achats','app_admin','',''),('717','Réception commande d\'achat','313','',''),('718','Mise à jour catalogues','311','',''),('719','Partage d\'agenda','283','',''),('720','Gestion de document','323','',''),('721','Environnement d\'exécution','319','',''),('722','Expert Sharepoint','281','',''),('723','Gestion d\'incident','139','',''),('724','Gestion de tâches','283','',''),('725','Support','321','',''),('726','Partage d\'agenda','3','',''),('727','Service Manager','322','',''),('728','Gèrer document','283','',''),('729','Support niveau 3','321','',''),('730','Support niveau 4','320','',''),('731','Gestion de tâches','3','',''),('732','Gérer document','3','',''),('733','Demande de site standard','139','',''),('734','Support niveau 2','281','',''),('735','Support produit','320','',''),('736','Gestion des profils','324','',''),('737','Support niveau 1','itDITHelp','',''),('738','Proxy Authentification','318','',''),('739','Gestion documentaire','00_EPFL_01','',''),('74','Service LAMP','pas_web','',''),('740','Collaboration','00_EPFL_01','',''),('741','Mail','330','',''),('742','Délivrer IP imprimantes','334','',''),('743','Support aux utilisateurs','327','',''),('744','Export données institutionnelles','333','',''),('745','Authentification','324','',''),('746','Gestion Infrastructure myPrint','327','',''),('747','Copie','330','',''),('748','Accéder aux impressions','3','',''),('749','Accéder aux impressions','326','',''),('750','Gestion Infrastructure myPrint','328','',''),('751','Documentation et site Web','331','',''),('752','Impression','330','',''),('753','Environnement d\'exécution','329','',''),('754','Support aux utilisateurs','328','',''),('755','Gestion monétique','173','',''),('756','Gestion administrative','327','',''),('757','Données Equitrack','173','',''),('758','Site Web','325','',''),('759','Scan','330','',''),('76','Organisation des unites a L\'EPFL(fusion avec 80)?','pas_web','',''),('760','Accéder aux impressions','4','',''),('761','Gestion statistiques','173','',''),('762','Stock et support','332','',''),('763','Données Staff','173','',''),('764','Accéder aux impressions','00_EPFL_01','',''),('765','Statistiques publicatoins scientifiques','135','',''),('766','Rapports d\'activité','139','',''),('767','Support niveau 3','346','',''),('768','Fonctionnalités reporting','337','',''),('769','Données Unités','209','',''),('770','Environnement d\'exécution','335','',''),('771','Maintenance univers et rapports','346','',''),('772','Gestion données ISA','344','',''),('773','Création rapports statistiques formation','336','',''),('774','Gestion des batchs','343','',''),('775','Octroi de bourse','338','',''),('776','Gestion temps collaborateurs','345','',''),('777','Facturation','342','',''),('778','Données Casiers','209','',''),('779','Gestion données Infoscience','129','',''),('78','Contrôleur CAMIPRO (SID)?','pas_web','',''),('780','Administration','346','',''),('781','Gestion données AGA','344','',''),('782','Consultation rapports statistiques formation','340','',''),('783','Serveur virtuel','339','',''),('784','Administration','343','',''),('785','Statistiques et Reporting','341','',''),('80','Gestion des unites?','pas_web','',''),('81','Bottin du central telephonique (inclure avec 4 ?)','pas_web','',''),('87','e-voting (inclure avec Inform)','pas_web','',''),('89','(Archive) Flash en ligne','pas_web','',''),('blockStorageINJ','Volume data management in INJ','blockStorageINJ','',''),('blockStorageMA','Volume data management in MA','blockStorageMA','',''),('CERN_1','Gérer les citations pour la physique des hautes énergies','CERN','',''),('ciscoStoNet','Network solutions for storage','cisco','',''),('dataRepApp','Replicate data','dataRepApp','',''),('dataVirtual','Virtualisation stockage','dataVirtual','',''),('emcStorage','Storage provider','emc','',''),('EPF_OA_BS','Perform bibliometric analysis','00_EPFL_01','',''),('EPF_Pub','Archive and organize scientific production','00_EPFL_01','',''),('exAdmin','Execution admin','OracleAdmin','',''),('FinCon_007','Archiving, inserting contract data','GrantsDBorg','',''),('fsManageData_fund','Manage data','SF','',''),('funder_support','Funder reporting support','00_fond_01','',''),('funder_support21','Check project execution compliance','00_fond_01','',''),('funder_support3','Funder reporting support','00_fond_03','',''),('funder_support31','Check project execution compliance','00_fond_03','',''),('funder_support4','Funder reporting support','00_fond_04','',''),('funder_support41','Check project execution compliance','00_fond_04','',''),('GrantsDBSysAdmin','GrantsDB SysAdmin application management','GrantsDB_Admin','',''),('GrantsDB_app','Processing of grant records','GrantsDB','',''),('GrantsTeamEvo','Evolution management','GrantsDB_PrTeam','',''),('GrDB_010','Reporting for project closure','GrantsDBorg','',''),('GrDB_011','Reporting for ongoing projects','GrantsDBorg','',''),('InfoscExec','Infoscience execution environment','camp2camp','',''),('Info_app','Document repository','Infoscienc','',''),('Info_fav1','New features development','KIS_Favre','',''),('Info_fav2','Daily operations','KIS_Favre','',''),('Info_fav3','Third level user support','KIS_Favre','',''),('Info_sisb','Management support of scientific resources','SISB','',''),('Info_Str','Définir la Stratégie','Info_steer','',''),('it111','Phone support','it111','',''),('it115','Emergency suport','it115','',''),('it4000','Infrastructure','it4000','',''),('itDIIplusEl','Provide electricity','itDIIplus','',''),('itDIIplusWat','Provide water','itDIIplus','',''),('itExchangeApp','Execution services','itExchangeApp','',''),('itExtPower','Provide electricity','itExtPower','',''),('itHelpInc','Incident Management','itDITHelp','',''),('itHelpSteering','Help desk governance','itHelpSteering','',''),('itHelpSupProf','Support for professionals','itDITHelp','',''),('itIsAcSteering','Is-Academia governance','itIsAcSteering','',''),('itMailcleaner','Antivirus & antispam','itMailcleaner','',''),('itMoodleHelp','Moodle suport','itMoodleHelp','',''),('itNetworkFC','Réseau fibre optique en MA','itNetwork','',''),('itNetworkFCx','Réseau fibre optique entre MA et INJ','itNetwork','',''),('itNetworkFC_INJ','Réseau fibre optique en INJ','itNetwork','',''),('itNetworkSCSI','iSCSI Networking','itNetwork','',''),('itRameletHead','Head of service','itRamelet','',''),('itSLIMS','Laboratory information management','itSLIMS','',''),('PCS082','Financer la recherche','EPFLPlus','',''),('PCS083','Gérer la finance d\'un projet de recherche','00_EPFL_01','',''),('PCS084','Gérer l\'exécution du contrat','01_Sup_05','',''),('PCS085','1. Réaliser le projet','01_Sup_05','',''),('PCS086','2. Valider le contrat du projet','01_Sup_05','',''),('PCS087','3. Finaliser le contrat du projet','01_Sup_05','',''),('PCS088','4. Aider l\'exécution du projet','01_Sup_05','',''),('PCS089','5. Clore le contrat du projet','01_Sup_05','',''),('PCS103','Finances data management','OS','',''),('PCS104','HR data management','OS','',''),('PCS105','SAP execution infrastructure','SAPexec','',''),('PCS112','Oracle DB execution infrastructure','OracleExEnv','',''),('PuMe_1','Abstracs and citations (MEDLINE)','PubMed','',''),('QUOD_dev','Development','QUOD','',''),('rackAccess','Access to power and cooling','rack','',''),('reoManageData','Manage data','REO','',''),('sanExper','Provide SAN expertise','SANexperts','',''),('SANmgtConsole1','SAN configuration','SANmgtConsole','',''),('SANmgtConsole2','Storage allocation','SANmgtConsole','',''),('SANmgtConsole3','Monitoring of SAN resources','SANmgtConsole','',''),('sanSysAdmin','SAN administration','SANsysadmin','',''),('sap-bw','Reporting, planning and analytics','SAP-BW','',''),('sap-fi-aa','SAP FI-AA: Fixed asset accounting','SAP-fi','',''),('sap-fi-ap','SAP FI-AP: Supplier accounting','SAP-fi','',''),('sap-fi-ar','SAP FI-AR: Debit accounting','SAP-fi','',''),('sap-fi-fm','SAP FI-FM: Budget accounting (funds and cost centers)','SAP-fi','',''),('sap-fi-gl','SAP FI-GL: General accounting management','SAP-fi','',''),('SAP-HANA','SAP-HANA: in-memory RDBMS','SAP-HANA','',''),('sap-hot','SAP support','SAP-hot','',''),('sap-hpqc','HP quality management','HPQC','',''),('sap-hr-am','SAP HR-AM: Administration management','SAP-HR','',''),('sap-hr-ehs','SAP HR-EHS: Environment, health and safety management','SAP-HR','',''),('sap-hr-om','SAP HR-OM: Organization management','SAP-HR','',''),('sap-hr-pr','SAP HR-PR: Payroll','SAP-HR','',''),('sap-mdm','SAP MDM (achats)','SAP-MDM','',''),('sap-pi','SAP Process Integration (bus)','SAP-PI','',''),('SAP-SolMan1','SAP configuration','SAP-SolMan','',''),('SAP-SolMan2','SAP monitoring','SAP-SolMan','',''),('SAP-sysadmin','SAP Administration','SAP-SolMan','',''),('SAPrelease','SAP software release management','Teamwork','',''),('SAP_exec_Admin','SAP system admin','JPV','',''),('Scop_1','Abstracts and citations for peer reviewed research literature','Scopus','',''),('SVC0002','Research grants (GrantsDB)','GrantsDBorg','it.epfl.ch/business_service.do?sysparm_document_key=cmdb_ci_service,465c598e0ff121009f8579f692050e2d&sysparm_service=Subsides_de_Recherche_GrantsDB',''),('SVC0003','Service de sauvegarde des serveurs','donsto','it.epfl.ch/business_service.do?sysparm_document_key=cmdb_ci_service,465c598e0ff121009f8579f692050e2d&sysparm_service=Service_de_sauvegarde_des_serveurs',''),('SVC0004','Listes de distribution','emailcal','it.epfl.ch/business_service.do?sysparm_document_key=cmdb_ci_service,465c598e0ff121009f8579f692050e2d&sysparm_service=Listes_de_distribution',''),('SVC0005','GED','matlog','it.epfl.ch/business_service.do?sysparm_document_key=cmdb_ci_service,465c598e0ff121009f8579f692050e2d&sysparm_service=GED',''),('SVC0006','Support logiciel','matlog','it.epfl.ch/business_service.do?sysparm_document_key=cmdb_ci_service,465c598e0ff121009f8579f692050e2d&sysparm_service=support_logiciel',''),('SVC0007','Groupes & Guests','comacc','it.epfl.ch/business_service.do?sysparm_document_key=cmdb_ci_service,465c598e0ff121009f8579f692050e2d&sysparm_service=Groupes_Guests',''),('SVC0008','Formation SI','for','it.epfl.ch/business_service.do?sysparm_document_key=cmdb_ci_service,465c598e0ff121009f8579f692050e2d&sysparm_service=Cours_IT',''),('SVC0011','Certificats de serveurs','sec','it.epfl.ch/business_service.do?sysparm_document_key=cmdb_ci_service,465c598e0ff121009f8579f692050e2d&sysparm_service=Certificats_de_serveurs',''),('SVC0012','Gestion des moteurs de recherche','webcomm','it.epfl.ch/business_service.do?sysparm_document_key=cmdb_ci_service,465c598e0ff121009f8579f692050e2d&sysparm_service=Gestion_des_moteurs_de_recherche',''),('SVC0013','Promotions sur les écrans publics (Polynex)','webcomm','it.epfl.ch/business_service.do?sysparm_document_key=cmdb_ci_service,465c598e0ff121009f8579f692050e2d&sysparm_service=Promotions_sur_les_ecrans_publics_Polynex',''),('SVC0015','Support en cas de piratage','sec','it.epfl.ch/business_service.do?sysparm_document_key=cmdb_ci_service,465c598e0ff121009f8579f692050e2d&sysparm_service=Support_en_cas_de_piratage',''),('SVC0016','Publication online d\'actualités','webcomm','it.epfl.ch/business_service.do?sysparm_document_key=cmdb_ci_service,465c598e0ff121009f8579f692050e2d&sysparm_service=Publication_online_d_actualites',''),('SVC0017','Service Desk','sup','it.epfl.ch/business_service.do?sysparm_document_key=cmdb_ci_service,465c598e0ff121009f8579f692050e2d&sysparm_service=Help_Desk',''),('SVC0018','Authentification & Autorisation (Tequila & Shibboleth)','comacc','it.epfl.ch/business_service.do?sysparm_document_key=cmdb_ci_service,465c598e0ff121009f8579f692050e2d&sysparm_service=Authentification_Autorisation_Tequila_Shibboleth',''),('SVC0019','Postes de travail virtuels pour les collaborateurs','donsto','it.epfl.ch/business_service.do?sysparm_document_key=cmdb_ci_service,465c598e0ff121009f8579f692050e2d&sysparm_service=Hebergement_de_postes_de_travail_virtuels_MyVDI',''),('SVC0020','Hébergement MySQL','donsto','it.epfl.ch/business_service.do?sysparm_document_key=cmdb_ci_service,465c598e0ff121009f8579f692050e2d&sysparm_service=Hebergement_MySQL',''),('SVC0021','MS-SQL','donsto','it.epfl.ch/business_service.do?sysparm_document_key=cmdb_ci_service,465c598e0ff121009f8579f692050e2d&sysparm_service=MSSQL',''),('SVC0022','Achats IT','app_admin','it.epfl.ch/business_service.do?sysparm_document_key=cmdb_ci_service,465c598e0ff121009f8579f692050e2d&sysparm_service=Achats_IT',''),('SVC0023','Gestion des inventaires','app_admin','it.epfl.ch/business_service.do?sysparm_document_key=cmdb_ci_service,465c598e0ff121009f8579f692050e2d&sysparm_service=Gestion_des_inventaires',''),('SVC0024','Documents & Agenda partagé my.epfl','emailcal','it.epfl.ch/business_service.do?sysparm_document_key=cmdb_ci_service,465c598e0ff121009f8579f692050e2d&sysparm_service=Documents_Agenda_partage_my.epfl',''),('SVC0025','Poseidon (laptops - support and discount)','matlog','it.epfl.ch/business_service.do?sysparm_document_key=cmdb_ci_service,465c598e0ff121009f8579f692050e2d&sysparm_service=Poseidon_ordinateurs_portables_support_et_rabais',''),('SVC0026','Annuaire AD','comacc','it.epfl.ch/business_service.do?sysparm_document_key=cmdb_ci_service,465c598e0ff121009f8579f692050e2d&sysparm_service=Annuaire_AD',''),('SVC0027','Installations automatisées des OS','matlog','it.epfl.ch/business_service.do?sysparm_document_key=cmdb_ci_service,465c598e0ff121009f8579f692050e2d&sysparm_service=Installations_automatisees_des_OS',''),('SVC0028','Plan','quotadm','it.epfl.ch/business_service.do?sysparm_document_key=cmdb_ci_service,465c598e0ff121009f8579f692050e2d&sysparm_service=Plan',''),('SVC0029','Communications unifiées','restel','it.epfl.ch/business_service.do?sysparm_document_key=cmdb_ci_service,465c598e0ff121009f8579f692050e2d&sysparm_service=Communications_unifiees_telephonie_IP_Messagerie_instantanee',''),('SVC0030','Gestion de versions (git)','matlog','it.epfl.ch/business_service.do?sysparm_document_key=cmdb_ci_service,465c598e0ff121009f8579f692050e2d&sysparm_service=Gestion_de_versions_git',''),('SVC0031','SWITCHdrive','donsto','it.epfl.ch/business_service.do?sysparm_document_key=cmdb_ci_service,465c598e0ff121009f8579f692050e2d&sysparm_service=SWITCH',''),('SVC0032','Adresse mail pour hôtes/services','emailcal','it.epfl.ch/business_service.do?sysparm_document_key=cmdb_ci_service,465c598e0ff121009f8579f692050e2d&sysparm_service=Adresse_mail_pour_hotes_service',''),('SVC0033','Annuaire EPFL (people, cv en ligne)','quotadm','it.epfl.ch/business_service.do?sysparm_document_key=cmdb_ci_service,465c598e0ff121009f8579f692050e2d&sysparm_service=Annuaire_EPFL_people_cv_en_ligne',''),('SVC0034','IS-Academia','itIsAcademia','it.epfl.ch/business_service.do?sysparm_document_key=cmdb_ci_service,465c598e0ff121009f8579f692050e2d&sysparm_service=IS_Academia',''),('SVC0036','Réseau payant pour tiers','restel','it.epfl.ch/business_service.do?sysparm_document_key=cmdb_ci_service,465c598e0ff121009f8579f692050e2d&sysparm_service=Reseau_payant_pour_tiers',''),('SVC0037','Mobile EPFL','webcomm','it.epfl.ch/business_service.do?sysparm_document_key=cmdb_ci_service,465c598e0ff121009f8579f692050e2d&sysparm_service=EPFL_Mobile',''),('SVC0038','Publications informatiques','webcomm','it.epfl.ch/business_service.do?sysparm_document_key=cmdb_ci_service,465c598e0ff121009f8579f692050e2d&sysparm_service=Publications_informatiques',''),('SVC0040','DIODE (sécurité du réseau)','sec','it.epfl.ch/business_service.do?sysparm_document_key=cmdb_ci_service,465c598e0ff121009f8579f692050e2d&sysparm_service=DIODE_securite_du_reseau',''),('SVC0041','Hébergement Web','webcomm','it.epfl.ch/business_service.do?sysparm_document_key=cmdb_ci_service,465c598e0ff121009f8579f692050e2d&sysparm_service=Hebergements_Web',''),('SVC0043','Gestion et support des postes des services centraux (SSC)','sup','it.epfl.ch/business_service.do?sysparm_document_key=cmdb_ci_service,465c598e0ff121009f8579f692050e2d&sysparm_service=Gestion_et_support_des_postes_SSC',''),('SVC0044','Shop en ligne','webcomm','it.epfl.ch/business_service.do?sysparm_document_key=cmdb_ci_service,465c598e0ff121009f8579f692050e2d&sysparm_service=Shop_en_ligne',''),('SVC0045','Archivage Web','webcomm','it.epfl.ch/business_service.do?sysparm_document_key=cmdb_ci_service,465c598e0ff121009f8579f692050e2d&sysparm_service=Archivage_Web',''),('SVC0046','Press review','webcomm','it.epfl.ch/business_service.do?sysparm_document_key=cmdb_ci_service,465c598e0ff121009f8579f692050e2d&sysparm_service=Revue_de_presse',''),('SVC0047','Stockage individuel','donsto','it.epfl.ch/business_service.do?sysparm_document_key=cmdb_ci_service,465c598e0ff121009f8579f692050e2d&sysparm_service=Stockage_individuel',''),('SVC0048','ServiceNow','sup','it.epfl.ch/business_service.do?sysparm_document_key=cmdb_ci_service,465c598e0ff121009f8579f692050e2d&sysparm_service=dit_servicenow',''),('SVC0049','Commande de billets CFF','app_admin','it.epfl.ch/business_service.do?sysparm_document_key=cmdb_ci_service,465c598e0ff121009f8579f692050e2d&sysparm_service=Commande_de_billets_CFF',''),('SVC0050','Notes de frais','app_admin','it.epfl.ch/business_service.do?sysparm_document_key=cmdb_ci_service,465c598e0ff121009f8579f692050e2d&sysparm_service=Notes_de_frais',''),('SVC0051','Hébergement Datacenter','donsto','it.epfl.ch/business_service.do?sysparm_document_key=cmdb_ci_service,465c598e0ff121009f8579f692050e2d&sysparm_service=Hebergement_Datacenter',''),('SVC0052','Annuaire LDAP','comacc','it.epfl.ch/business_service.do?sysparm_document_key=cmdb_ci_service,465c598e0ff121009f8579f692050e2d&sysparm_service=Annuaire_LDAP',''),('SVC0053','Datawarehouse (application infoview)','matlog','it.epfl.ch/business_service.do?sysparm_document_key=cmdb_ci_service,465c598e0ff121009f8579f692050e2d&sysparm_service=Datawarehouse_application_infoview',''),('SVC0054','Vignette de parking','quotadm','it.epfl.ch/business_service.do?sysparm_document_key=cmdb_ci_service,465c598e0ff121009f8579f692050e2d&sysparm_service=Vignette_de_parking',''),('SVC0055','Gestion des identités - Accréditations','comacc','it.epfl.ch/business_service.do?sysparm_document_key=cmdb_ci_service,465c598e0ff121009f8579f692050e2d&sysparm_service=Gestion_des_identites_Accreditations',''),('SVC0056','Impression (myPrint)','quotadm','it.epfl.ch/business_service.do?sysparm_document_key=cmdb_ci_service,465c598e0ff121009f8579f692050e2d&sysparm_service=Impressions',''),('SVC0058','Antispam – Mailcleaner','emailcal','it.epfl.ch/business_service.do?sysparm_document_key=cmdb_ci_service,465c598e0ff121009f8579f692050e2d&sysparm_service=Antispam_Mailcleaner',''),('SVC0059','Plate-forme restauration','quotadm','it.epfl.ch/business_service.do?sysparm_document_key=cmdb_ci_service,465c598e0ff121009f8579f692050e2d&sysparm_service=Plate_forme_restauration',''),('SVC0060','Moodle','86','it.epfl.ch/business_service.do?sysparm_document_key=cmdb_ci_service,465c598e0ff121009f8579f692050e2d&sysparm_service=Moodle',''),('SVC0062','Antivirus','sec','it.epfl.ch/business_service.do?sysparm_document_key=cmdb_ci_service,465c598e0ff121009f8579f692050e2d&sysparm_service=Antivirus',''),('SVC0063','EPFL TV','webcomm','it.epfl.ch/business_service.do?sysparm_document_key=cmdb_ci_service,465c598e0ff121009f8579f692050e2d&sysparm_service=EPFL_TV',''),('SVC0064','Gestion de données financières & RH (infocentre)','app_admin','it.epfl.ch/business_service.do?sysparm_document_key=cmdb_ci_service,465c598e0ff121009f8579f692050e2d&sysparm_service=Gestion_de_donnees_financieres_RH_infocentre',''),('SVC0066','Proxy Web','sec','it.epfl.ch/business_service.do?sysparm_document_key=cmdb_ci_service,465c598e0ff121009f8579f692050e2d&sysparm_service=Proxy_web',''),('SVC0067','Médiathèque','webcomm','it.epfl.ch/business_service.do?sysparm_document_key=cmdb_ci_service,465c598e0ff121009f8579f692050e2d&sysparm_service=Mediatheque',''),('SVC0069','Réparation et recyclage de matériel informatique','sup','it.epfl.ch/business_service.do?sysparm_document_key=cmdb_ci_service,465c598e0ff121009f8579f692050e2d&sysparm_service=Reparation_et_Recyclage_HW',''),('SVC0070','Blogs & Wikis','webcomm','it.epfl.ch/business_service.do?sysparm_document_key=cmdb_ci_service,465c598e0ff121009f8579f692050e2d&sysparm_service=Blogs_Wikis',''),('SVC0071','VPN - Remote Intranet Access','restel','it.epfl.ch/business_service.do?sysparm_document_key=cmdb_ci_service,465c598e0ff121009f8579f692050e2d&sysparm_service=VPN_Acces_intranet_a_distance',''),('SVC0072','Hébergement Oracle','donsto','https://it.epfl.ch/business_service.do?sysparm_document_key=cmdb_ci_service,a345edfe5dacb140a3632db68c852205&sysparm_service=oracle_hosting',''),('SVC0073','Secrétariat','sup','it.epfl.ch/business_service.do?sysparm_document_key=cmdb_ci_service,465c598e0ff121009f8579f692050e2d&sysparm_service=Secretariat_dit',''),('SVC0074','Comptoir d\'accès aux données institutionnelles (CADI)','comacc','it.epfl.ch/business_service.do?sysparm_document_key=cmdb_ci_service,465c598e0ff121009f8579f692050e2d&sysparm_service=Comptoir_d_acces_aux_donnees_institutionnelles_CADI',''),('SVC0075','Stockage des fichiers','donsto','it.epfl.ch/business_service.do?sysparm_document_key=cmdb_ci_service,465c598e0ff121009f8579f692050e2d&sysparm_service=Stockage_NAS',''),('SVC0076','Video','webcomm','it.epfl.ch/business_service.do?sysparm_document_key=cmdb_ci_service,465c598e0ff121009f8579f692050e2d&sysparm_service=Video',''),('SVC0077','Commande de cartes de visite','app_admin','it.epfl.ch/business_service.do?sysparm_document_key=cmdb_ci_service,465c598e0ff121009f8579f692050e2d&sysparm_service=Commande_de_cartes_de_visite',''),('SVC0078','Réseau WiFi','restel','it.epfl.ch/business_service.do?sysparm_document_key=cmdb_ci_service,465c598e0ff121009f8579f692050e2d&sysparm_service=Reseau_Wifi',''),('SVC0079','Payonline','app_admin','it.epfl.ch/business_service.do?sysparm_document_key=cmdb_ci_service,465c598e0ff121009f8579f692050e2d&sysparm_service=Payonline',''),('SVC0080','Infrastructure de virtualisation pour serveurs','donsto','it.epfl.ch/business_service.do?sysparm_document_key=cmdb_ci_service,465c598e0ff121009f8579f692050e2d&sysparm_service=Hebergement_de_machines_virtuelles_MyVM',''),('SVC0081','Stockage SAN','donsto','it.epfl.ch/business_service.do?sysparm_document_key=cmdb_ci_service,465c598e0ff121009f8579f692050e2d&sysparm_service=Stockage_SAN',''),('SVC0082','Email at EPFL','emailcal','it.epfl.ch/business_service.do?sysparm_document_key=cmdb_ci_service,465c598e0ff121009f8579f692050e2d&sysparm_service=Email_a_l_EPFL',''),('SVC0083','Annuaire OpenDir','comacc','it.epfl.ch/business_service.do?sysparm_document_key=cmdb_ci_service,465c598e0ff121009f8579f692050e2d&sysparm_service=Annuaire_OpenDir',''),('SVC0084','Distrilog (distribution de logiciels)','matlog','it.epfl.ch/business_service.do?sysparm_document_key=cmdb_ci_service,465c598e0ff121009f8579f692050e2d&sysparm_service=Distrilog_distribution_de_logiciels',''),('SVC0085','Gestion des mots de passe','comacc','it.epfl.ch/business_service.do?sysparm_document_key=cmdb_ci_service,465c598e0ff121009f8579f692050e2d&sysparm_service=Gestion_des_mots_de_passe',''),('SVC0086','PocketCampus','webcomm','it.epfl.ch/business_service.do?sysparm_document_key=cmdb_ci_service,465c598e0ff121009f8579f692050e2d&sysparm_service=PocketCampus',''),('SVC0087','Serveurs de calcul','hpc','it.epfl.ch/business_service.do?sysparm_document_key=cmdb_ci_service,465c598e0ff121009f8579f692050e2d&sysparm_service=Service_de_calcul',''),('SVC0088','Calendrier Exchange','emailcal','it.epfl.ch/business_service.do?sysparm_document_key=cmdb_ci_service,465c598e0ff121009f8579f692050e2d&sysparm_service=Calendrier_Exchange',''),('SVC0089','Publications scientifiques (Infoscience)','itInfoscience','it.epfl.ch/business_service.do?sysparm_document_key=cmdb_ci_service,465c598e0ff121009f8579f692050e2d&sysparm_service=Publications_scientifiques_Infoscience','infoscience.epfl.ch'),('SVC0091','Audit de sécurité','sec','it.epfl.ch/business_service.do?sysparm_document_key=cmdb_ci_service,465c598e0ff121009f8579f692050e2d&sysparm_service=Audit_de_securite',''),('SVC0092','Formulaire en ligne (InForm)','webcomm','it.epfl.ch/business_service.do?sysparm_document_key=cmdb_ci_service,465c598e0ff121009f8579f692050e2d&sysparm_service=Formulaire_en_ligne_Inform',''),('SVC0094','SafeNet','sec','it.epfl.ch/business_service.do?sysparm_document_key=cmdb_ci_service,465c598e0ff121009f8579f692050e2d&sysparm_service=SafeNet',''),('SVC0095','Publication online d\'événements (Memento)','webcomm','it.epfl.ch/business_service.do?sysparm_document_key=cmdb_ci_service,465c598e0ff121009f8579f692050e2d&sysparm_service=Publication_online_d_evenements_Memento',''),('SVC0099','Hébergement SAP','donsto','it.epfl.ch/business_service.do?sysparm_document_key=cmdb_ci_service,465c598e0ff121009f8579f692050e2d&sysparm_service=Hebergement_SAP',''),('SVC0100','Gestion des absences','app_admin','it.epfl.ch/business_service.do?sysparm_document_key=cmdb_ci_service,465c598e0ff121009f8579f692050e2d&sysparm_service=Gestion_des_absences','https://confluence.epfl.ch:8443/display/SIAC/Fiche+descriptive+-+Gestion+des+absences'),('SVC0101','Réseau câblé','restel','it.epfl.ch/business_service.do?sysparm_document_key=cmdb_ci_service,465c598e0ff121009f8579f692050e2d&sysparm_service=Reseau_cable',''),('SVC0102','Réservation de salles','app_admin','it.epfl.ch/business_service.do?sysparm_document_key=cmdb_ci_service,465c598e0ff121009f8579f692050e2d&sysparm_service=Reservation_de_salles',''),('SVC0107','Petites annonces EPFL en ligne','quotadm','https://it.epfl.ch/business_service.do?sysparm_document_key=cmdb_ci_service,125c598e0ff121009f8579f692050e31&sysparm_service=classified_add',''),('SVC0108','Confluence','webcomm','https://it.epfl.ch/business_service.do?sysparm_document_key=cmdb_ci_service,125c598e0ff121009f8579f692050e31&sysparm_service=si_confluence',''),('SVC0110','Doodle@EPFL','app_admin','https://it.epfl.ch/business_service.do?sysparm_document_key=cmdb_ci_service,cc4500c60010ca000cde3b72ada75eee&sysparm_service=Doodle_EPFL',''),('SVC0111','Production de MOOC (Massive Open Online Courses)','rech_for','https://it.epfl.ch/business_service.do?sysparm_document_key=cmdb_ci_service,e15c30a900e0ce000cde3b72ada75e7e&sysparm_service=Moocs',''),('SVC0112','SWITCHfilesender','donsto','https://it.epfl.ch/business_service.do?sysparm_document_key=cmdb_ci_service,e15c30a900e0ce000cde3b72ada75e7e&sysparm_service=SWITCHfilesender',''),('SVC0114','Gestion des Ressources Partagées (GRP)','00_EPFL_01','https://it.epfl.ch/business_service.do?sysparm_document_key=cmdb_ci_service,b214fc07253806008c3eee343d920b17&sysparm_service=Grp_Service',''),('SVC0116','Postes de travail virtuels pour les cours','rech_for','https://it.epfl.ch/business_service.do?sysparm_document_key=cmdb_ci_service,2ff0e5ce0ff121009f8579f692050e75&sysparm_service=Virtual_Desktop',''),('SVC0117','Camipro','comacc','',''),('SVC0121','IC hébergement datacenter','donsto','https://it.epfl.ch/business_service.do?sysparm_document_key=cmdb_ci_service,7d5c598e0ff121009f8579f692050e2c&sysparm_service=Hebergement_Datacenter',''),('SVC0128','Sharepoint','webcomm','https://it.epfl.ch/business_service.do?sysparm_document_key=cmdb_ci_service,c7bbfda54f0d1240e2aadf601310c7a4&sysparm_service=sharepoint',''),('SVC0139','Google Apps Education','webcomm','https://it.epfl.ch/business_service.do?sysparm_document_key=cmdb_ci_service,618036f54fd25200b8a110ee0310c712&sysparm_service=GoogleApps',''),('wos_1','Gérer les citations','Pub_WoS','','');
/*!40000 ALTER TABLE `service` ENABLE KEYS */;
UNLOCK TABLES;

--
-- Table structure for table `service___data`
--

DROP TABLE IF EXISTS `service___data`;
/*!40101 SET @saved_cs_client     = @@character_set_client */;
/*!40101 SET character_set_client = utf8 */;
CREATE TABLE `service___data` (
  `ServiceID` varchar(30) NOT NULL,
  `DataID` varchar(30) NOT NULL,
  PRIMARY KEY (`ServiceID`,`DataID`)
) ENGINE=InnoDB DEFAULT CHARSET=utf8;
/*!40101 SET character_set_client = @saved_cs_client */;

--
-- Dumping data for table `service___data`
--

LOCK TABLES `service___data` WRITE;
/*!40000 ALTER TABLE `service___data` DISABLE KEYS */;
INSERT INTO `service___data` VALUES ('203','19'),('238','data_0009'),('238','data_0010'),('252','data_0011'),('332','19'),('360','data_0024'),('360','data_0026'),('363','data_0020'),('416','26'),('457','10'),('457','8'),('457','9'),('582','data_0005'),('583','16'),('588','14'),('588','15'),('588','18'),('596','14'),('596','15'),('596','16'),('596','18'),('596','data_0005'),('596','Spec_005'),('638','21'),('638','22'),('638','23'),('638','25'),('772','31'),('772','32'),('781','31'),('781','32'),('sap-hr-am','Spec_005');
/*!40000 ALTER TABLE `service___data` ENABLE KEYS */;
UNLOCK TABLES;

--
-- Table structure for table `system`
--

DROP TABLE IF EXISTS `system`;
/*!40101 SET @saved_cs_client     = @@character_set_client */;
/*!40101 SET character_set_client = utf8 */;
CREATE TABLE `system` (
  `ID` varchar(30) NOT NULL,
  `Label` varchar(100) NOT NULL,
  `Type` varchar(45) NOT NULL,
  `URL` varchar(255) DEFAULT NULL,
  PRIMARY KEY (`ID`)
) ENGINE=InnoDB DEFAULT CHARSET=latin1;
/*!40101 SET character_set_client = @saved_cs_client */;

--
-- Dumping data for table `system`
--

LOCK TABLES `system` WRITE;
/*!40000 ALTER TABLE `system` DISABLE KEYS */;
INSERT INTO `system` VALUES ('00_EPFL_01','EPFL','Biz',''),('00_fond_01','(ext) SNF','Biz',''),('00_fond_02','(ext) AFF','Biz',''),('00_fond_03','(ext) EU','Biz',''),('00_fond_04','(ext) CTI','Biz',''),('00_Res_Comun','(ext) Communauté de recherche','Biz',''),('01_Fac_01','Faculté','Biz',''),('01_Lab_04','Laboratoire','Biz',''),('01_Mgt_02','Direction EPFL','Biz',''),('01_Sup_05','Services centraux','Biz',''),('100','Etudiant Afrique','Actor',''),('101','Nagios','App',''),('102','(ext) Média sociaux','Biz',''),('103','CAPE','Biz',''),('104','Francisco Pinto','Actor',''),('105','Comité Editorial','Biz',''),('106','Organisation Mooc Africa','Biz',''),('107','Apache\'s Web Server','App',''),('108','Gwenaëll','Actor',''),('11','Wifi EPFL','Biz',''),('110','(ext) Coursera','Biz',''),('111','Quality Officer','Actor',''),('113','Management','Actor',''),('114','Communauté Académique Mondiale','Actor',''),('115','Gaspar','App',''),('116','Switch','Biz',''),('117','Wireless LAN Controller','Infra',''),('118','Serveur Open LDAP','App',''),('119','Antenne WIFI','Infra',''),('12','Infrastructure Radius EPFL','Infra',''),('120','Concentrateur','Infra',''),('121','COPIL HPC','Biz','http://scitas.epfl.ch/steering-copil-hpc'),('122','Ian Anthony Flitman','Actor',''),('123','MariaDB','Storage',''),('124','Natalie Meystre','Actor',''),('125','Informaticien','Actor',''),('127','Organisation Moodle EPFL','Biz',''),('128','Professeur','Actor',''),('129','MySQL','Storage',''),('13','Entreprise partenaire','Biz',''),('130','Genohm SA','Biz',''),('131','SLims','App',''),('132','Organisation Achats Biens et Services','Biz',''),('133','Tomcat','App',''),('134','Sébastien Ferrara','Actor',''),('135','Bibliothèque','Biz',''),('136','InfoScience','Biz',''),('137','Vital IT - UNIL','Biz',''),('138','Communauté Scientifique','Actor',''),('139','ServiceNow','App',''),('140','Bonnes pratiques de laboratoire','Biz',''),('141','Organisation Administrative LIMS','Biz',''),('142','Recherche SV','Biz',''),('143','Olivier Philippe Borel','Actor',''),('144','Scionics','Biz',''),('145','Copernic','App',''),('146','Gaël Anex','Actor',''),('147','Organisation de support à la recherche SV','Biz',''),('148','Infrastructure Execution SLims','Biz',''),('149','Chercheur EPFL','Actor',''),('150','iLab','App',''),('151','Food and Drug Administration','Biz',''),('152','Core Facility','Biz',''),('153','Organisation Service Facturation','Biz',''),('154','Instrument de mesure','Infra',''),('155','TTP/REO','Biz',''),('156','Nicolas Argento','Actor',''),('157','Pyrat','App',''),('159','Comité d\'éthique pour la recherche','Biz',''),('160','SV-IT','Biz',''),('161','Zenodo - CERN','Biz',''),('162','Oganization LIMS','Biz',''),('163','Revue Scientifique','Biz',''),('164','Gestionnaire de Salles IT','Actor',''),('165','VMware vSphere','App',''),('166','vWorkspace','App',''),('167','BYOD','Infra',''),('168','Portail Web','Infra',''),('169','Pascal Fabbri','Actor',''),('170','DNS AD','App',''),('171','Benjamin Barras','Actor',''),('172','Infrastructure VDI pour les cours','Infra',''),('173','MS SQL','Storage',''),('174','Microsoft IIS','App',''),('175','Portail Web (vdi.epfl.ch)','Infra',''),('176','DHCP EXHEB','App',''),('177','Steve von Siebenthal','Actor',''),('178','Eric Krejci','Actor',''),('179','Daniel Perret','Actor',''),('18','DB Radius','Storage',''),('180','Serveurs Nutanix','Infra',''),('181','Thin Client','Infra',''),('182','vCenter','App',''),('183','Société civile','Biz',''),('184','RedHat','App',''),('185','Réseau sociaux','Biz',''),('186','Application Actualités','App',''),('187','Infrastructure actualités','Infra',''),('188','Organisation Développement','Biz',''),('189','Apache','App',''),('19','Infrastructure Open LDAP','Infra',''),('192','Mediacom','Biz',''),('193','Von Holzen','Actor',''),('194','Tequila','App',''),('195','Média Social','App',''),('196','Responsable communication unité','Actor',''),('197','Journaliste','Actor',''),('198','Site Web Laboratoire','Biz',''),('199','Labo hors EPFL','Biz',''),('2','Organisation Réseau','Biz',''),('20','Serveur de log Radius','Storage',''),('200','Claude Lecommandeur','Actor',''),('201','Maude Laetitia Grossan','Actor',''),('202','Industrie','Biz',''),('203','Plateforme échange','App',''),('204','Gestionnaire administratif','Actor',''),('205','Chercheur','Actor',''),('206','Infrastructure Réseau','Infra',''),('207','DNS','App',''),('208','Infrastructure iLab','Infra',''),('209','CADI Oracle','App',''),('210','Facility manager','Actor',''),('212','VMware View','App',''),('213','Portail Web (scxview.epfl.ch)','Infra',''),('214','Infrastructure VDI pour les collaborateurs','Infra',''),('215','Serveurs DELL','Infra',''),('216','HPC Organization','Biz','http://scitas.epfl.ch/'),('217','Responsable finance','Actor',''),('218','SCO LDAP','App',''),('219','SCITAS','Biz',''),('22','Load Balancer','Infra',''),('220','François Avellan','Actor',''),('221','Administrateur système','Actor',''),('222','Jan Hesthaven','Actor',''),('223','Cluster','Infra',''),('224','Expert applicatif','Actor',''),('225','BlueGene','Infra',''),('226','Comité technique','Actor',''),('227','Vittoria Rezzonico','Actor',''),('228','Professeur externe','Actor',''),('229','Infrastructure HPC','Infra',''),('23','Serveur Open LDAP x4?','App',''),('230','Piquet','Actor',''),('231','CADMOS','Biz',''),('232','Groups','App',''),('233','CSCS','Biz',''),('235','Invité Permanent','Biz',''),('236','Direction','Biz',''),('237','Sylvie Dentan','Actor',''),('25','DB Open LDAP','Storage',''),('258','Collaborateur externe','Actor',''),('259','Collaborateur RH','Actor',''),('26','Wireless LAN Controller \n x3 pour chagre + x3 redondance','Infra',''),('260','Absences','App',''),('261','Infrastructure Gestion des Absences','Infra',''),('262','Albert Meyer','Actor',''),('263','Ion Cionca','Actor',''),('264','DINFO','App',''),('265','Chef d\'unité','Actor',''),('266','Infrastructure Tina','Infra',''),('267','Infrastructure NetBackup','Infra',''),('268','Portail','App',''),('269','NetBackup','App',''),('27','Antenne WIFI\n x1200','Infra',''),('270','Organisation Backup Tina','Biz',''),('271','ASG','Biz',''),('272','ACSLS','App',''),('273','Data File Migration','App',''),('274','Librairie sur bande','Infra',''),('275','Tina','App',''),('276','Administrateur Tina','Actor','https://groups.epfl.ch/cgi-bin/groups/viewgroup?group=S03855'),('277','Oracle Inc','Biz',''),('278','Organisation Backup NetBackup','Biz',''),('279','Veritas','Biz',''),('28','Wifi Eduroam','Biz',''),('280','Patrice Beaud','Actor',''),('281','Michele Sandro Dermont','Actor',''),('282','Administrateur NAS','Actor','https://groups.epfl.ch/cgi-bin/groups/viewgroup?group=S03854'),('283','Consultant externe accrédité','Actor',''),('284','Infrastructure Stockage de Fichiers','Infra',''),('285','Storage Virtual Machine','App',''),('286','Cluster de Stockage MA','Infra',''),('287','NetApp','Biz',''),('288','Gestionnaire de volume','Actor',''),('289','Cluster de Stockage INJ','Infra',''),('291','Fournisseur Externe','Biz',''),('292','Employé','Actor',''),('293','Philippe Staub','Actor',''),('294','Responsable de fonds','Actor',''),('295','Bénéficiaire délégation 5\'000.-','Actor',''),('296','Unité organisationnelle','Biz',''),('297','Thomas Simon','Actor',''),('298','Bénéficiaire délégation 50\'000','Actor',''),('299','Infrastructure Registre des Signatures','Infra',''),('3','Collaborateur','Actor',''),('300','Responsable Unité','Actor',''),('301','Quentin Estoppey','Actor',''),('302','Gestionnaire d\'unité','Actor',''),('303','SAP ERP','App',''),('304','Sciquest','Biz',''),('305','??','Actor',''),('306','Oracle','Storage',''),('307','Ariel data manager','App',''),('308','ERM','App',''),('309','Base SIGMA-ALDRICH','App',''),('310','DSPS','Biz',''),('311','Administrateur catalogue','Actor',''),('312','Acheteur','Actor',''),('313','iValua Buyer','App',''),('314','Spend Director','App',''),('315','Magasin','Biz',''),('316','iValua','Biz',''),('317','Infrastructure Achats','Infra',''),('318','Active Directory Federation Service','App',''),('319','Infrastructure Sharepoint','Infra',''),('320','Microsoft','Biz',''),('321','Cambridge Technologies Partners','Biz',''),('322','Patricia Plaza Gruber','Actor',''),('323','Sharepoint','App',''),('324','Active Directory','App',''),('325','Jahia','App',''),('326','Invité','Actor',''),('327','Catherine Cornaz','Actor',''),('328','Jean-Pierre Dupertuis','Actor',''),('329','Infrastructure myPrint','Infra',''),('330','Imprimante','Infra',''),('331','Aymar De Brossin de Méré','Actor',''),('332','Pascal Le Meur','Actor',''),('333','CADI MySQL','App',''),('334','DHCP VLAN MyPrint','App',''),('335','Infrastructure Datawarehouse','Infra',''),('336','OGIF','Biz',''),('337','Business Object','App',''),('338','Office Cantonal Bourses Etude','Biz',''),('339','Infrastructure Virtualisation Serveur','Infra',''),('34','Infrastructure Radius Eduroam','Infra',''),('340','Service Académique','Biz',''),('341','EPFL+','Biz',''),('342','Caisse AVS étudiants','Biz',''),('343','Expert DB','Actor',''),('344','DB Oracle','Storage',''),('345','Service Factory','Biz',''),('346','Expert outil BO','Actor',''),('36','Serveur Radius','App',''),('39','Communauté EPFL','Actor',''),('4','Etudiant','Actor',''),('44','Infrastructure Active Directory','Infra',''),('45','Infrastructure Open Directory','Infra',''),('46','Présidence','Biz',''),('48','Final Cut Pro X','App',''),('49','(ext) EDX','Biz',''),('51','Fondations','Biz',''),('52','Dimitrios Nukakis','Actor',''),('53','Etudiant in situ','Actor',''),('55','Organisation Mooc Commune','Biz',''),('56','(ext) RESCIF','Biz',''),('57','Banc Montage','Biz',''),('58','Yuri Changkakoti','Actor',''),('59','Patrick Jermann','Actor',''),('60','Corp Academy','Biz',''),('61','Assistant Enseignant','Actor',''),('62','Management EPFL','Biz',''),('63','Enseignant','Actor',''),('64','Etudiant monde','Actor',''),('65','Public monde','Actor',''),('66','Moodle Software','App',''),('67','Infrastructure Moodle','Biz',''),('68','Karl Aberer','Actor',''),('69','Sylvie Gitz','Actor',''),('7','Serveur de log VPN','Storage',''),('70','Pierre Dillenbourg','Actor',''),('71','Entreprise','Biz',''),('72','Agence Universitaire Francophone','Biz',''),('73','Moocs\' EPFL Segment','Biz',''),('74','Turnitin','Biz',''),('75','Uni Africa','Biz',''),('76','PocketCampus Organization','Biz',''),('77','Comité pilotage','Actor',''),('78','CEDE +','Biz',''),('80','Program Manager','Actor',''),('81','CEDE','Biz',''),('82','Organisation Production Mooc','Biz',''),('83','(ext) Plateforme Distribution','Biz',''),('84','Camp2Camp','Biz',''),('85','Comité Pilotage','Biz',''),('86','Moodles\' EPFL Segment','Biz',''),('87','ISA','App',''),('88','CHILI','Biz',''),('89','Studio','Biz',''),('90','iThenticate','Biz',''),('91','Enseignant Afrique','Actor',''),('92','Matthew Goodman','Actor',''),('93','Gilles Raimond','Actor',''),('94','EDX - EPFL','Biz',''),('95','Organisation Gestion Contrats','Biz',''),('96','Organisation Assurance Qualité','Biz',''),('97','Florence Colomb','Actor',''),('98','Fournisseur Infrastructure','Biz',''),('99','Pierre-Yves Rochat','Actor',''),('app_admin','Organisation Applications Administratives','Biz',''),('blockStorageINJ','EMC lames de stockage de blocks en INJ','Storage',''),('blockStorageMA','EMC lames de stockage de blocks en MA','Storage',''),('camp2camp','(ext) camptocamp','Biz',''),('CERN','(ext) CERN','Biz',''),('cisco','(ext) CISCO','Biz',''),('comacc','Organisation Compte & Accès','Biz',''),('dataRepApp','Logiciel de replication des données','App',''),('dataVirtual','Virtualisation de serveur','Infra',''),('donsto','Organisation Base de données & Stockage/Serveurs','Biz',''),('emailcal','Organisation Email & Calendrier','Biz',''),('emc','external - EMC','Biz',''),('EPFLPlus','EPFL+ segment recherche','Biz',''),('for','Organisation Formation','Biz',''),('GrantsDB','GrantsDB','App',''),('GrantsDBorg','Organisation GrantsDB','Biz',''),('GrantsDB_Admin','GrantsDB SysAdmin','Actor',''),('GrantsDB_PrTeam','GrantsDB équipe de projet','Biz',''),('hpc','Organisation de Calcul Haute Performance','Biz',''),('HPQC','HP Quality Center','App',''),('Infoscienc','Infoscience','App',''),('Info_steer','Comité de pilotage Infoscience','Biz',''),('it111','111 help','Biz',''),('it115','115 help','Biz',''),('it4000','4000 help','Biz',''),('itAccred','Accred','App',''),('itDIIplus','DII +','Biz',''),('itDITHelp','1234 DIT Help desk','Biz',''),('itExchangeApp','Serveur Exchange','App',''),('itExtPower','(ext) SIL','Biz',''),('itHelpSteering','Comité de pilotage Help desk','Biz',''),('itInfoscience','Organisation Infoscience','Biz',''),('itIsAcademia','IS-Academia','Biz',''),('itIsAcSteering','Comité pilotage IS-Academia','Biz',''),('itMailcleaner','Mailcleaner','App',''),('itMoodleHelp','Moodle help desk','Biz',''),('itNetwork','Réseau','Infra',''),('itRamelet','Résponsable du service IS-Academia','Actor',''),('itSLIMS','SLIMS','Biz',''),('JPV','Résponsable du service SAP environement d\'execution','Actor',''),('KIS_Favre','Résponsable du service Infoscience','Actor',''),('LabSecr','Secrétaire laboratoire','Actor',''),('matlog','Organisation Matériel & Logiciel Informatique','Biz',''),('OracleAdmin','Oracle admin','Actor',''),('OracleExEnv','Oracle DB environement d\'execution','Biz',''),('OS','Operations support +','Biz',''),('pas_web','pas dans catalogue web','Biz',''),('PubMed','(ext) PubMed','Biz',''),('Pub_WoS','(ext) Web of Science','Biz',''),('QUOD','(ext) QUOD','Biz',''),('quotadm','Organisation Outil du Quotidien','Biz',''),('rack','Baie','Infra',''),('rech_for','Organisation Recherche et Formation','Biz',''),('REO','Research Office','Biz',''),('restel','Organisation Réseau & Téléphonie','Biz',''),('RH','Ressources Humaines','Biz',''),('SANexperts','SAN experts','Actor',''),('SANmgtConsole','SAN management console','App',''),('SANorg','Organisation SAN','Biz',''),('SANsysadmin','SAN SysAdmin','Actor',''),('SAP-BW','SAP-BW','App',''),('SAP-fi','SAP-FI modules','App',''),('SAP-HANA','SAP-HANA','Storage',''),('SAP-hot','SAP hotline','Biz',''),('SAP-HR','SAP-HR modules','App',''),('SAP-MDM','SAP-MDM','App',''),('SAP-PI','SAP-PI','App',''),('SAP-SolMan','SAP-SolMan: Solution manager','App',''),('SAPexec','Environement d\'execution SAP','Biz',''),('Scopus','Scopus','Biz',''),('sec','Organisation Sécurité','Biz',''),('SF','Service Financier','Biz',''),('SISB','Scientific Information and Libraries (SISB)','Biz',''),('sup','Organisation Support','Biz',''),('Teamwork','(ext) Teamwork','Biz',''),('TTO','Technology Transfer Office','Biz',''),('webcomm','Organisation Web & Communication','Biz','');
/*!40000 ALTER TABLE `system` ENABLE KEYS */;
UNLOCK TABLES;

--
-- Table structure for table `system___data`
--

DROP TABLE IF EXISTS `system___data`;
/*!40101 SET @saved_cs_client     = @@character_set_client */;
/*!40101 SET character_set_client = utf8 */;
CREATE TABLE `system___data` (
  `SystemID` varchar(30) NOT NULL,
  `DataID` varchar(30) NOT NULL,
  `Owner` varchar(10) DEFAULT NULL,
  PRIMARY KEY (`SystemID`,`DataID`)
) ENGINE=InnoDB DEFAULT CHARSET=utf8;
/*!40101 SET character_set_client = @saved_cs_client */;

--
-- Dumping data for table `system___data`
--

LOCK TABLES `system___data` WRITE;
/*!40000 ALTER TABLE `system___data` DISABLE KEYS */;
INSERT INTO `system___data` VALUES ('116','data_0019',''),('123','data_0017',''),('128','13',''),('129','30','0'),('131','data_0025',''),('131','data_0027',''),('139','26','0'),('150','7',''),('163','data_0021',''),('163','data_0022',''),('163','data_0023',''),('164','2',''),('167','3',''),('180','1','0'),('186','4',''),('186','5',''),('203','11',''),('203','6',''),('216','12',''),('22','data_0012',''),('258','14','0'),('260','14','0'),('260','15','0'),('260','16','0'),('260','17','0'),('260','18','0'),('260','20','0'),('260','data_0005','0'),('260','Spec_005','0'),('264','14','0'),('264','15','0'),('264','18','0'),('286','24','0'),('288','21','0'),('288','22','0'),('288','23','0'),('288','25','0'),('289','24','0'),('298','27','0'),('300','27','0'),('303','26','0'),('303','27','1'),('303','28','0'),('307','26','0'),('308','28','0'),('309','26','0'),('313','27','0'),('313','28','1'),('314','26','0'),('337','29','0'),('337','30','0'),('344','31','0'),('344','32','0'),('66','data_0014',''),('66','data_0015',''),('66','data_0016',''),('67','data_0018',''),('83','data_0013',''),('dataVirtual','19','0'),('itAccred','16','1'),('itAccred','26','1'),('SAP-fi','data_0005','1'),('SAP-HR','Spec_005','1');
/*!40000 ALTER TABLE `system___data` ENABLE KEYS */;
UNLOCK TABLES;
/*!40103 SET TIME_ZONE=@OLD_TIME_ZONE */;

/*!40101 SET SQL_MODE=@OLD_SQL_MODE */;
/*!40014 SET FOREIGN_KEY_CHECKS=@OLD_FOREIGN_KEY_CHECKS */;
/*!40014 SET UNIQUE_CHECKS=@OLD_UNIQUE_CHECKS */;
/*!40101 SET CHARACTER_SET_CLIENT=@OLD_CHARACTER_SET_CLIENT */;
/*!40101 SET CHARACTER_SET_RESULTS=@OLD_CHARACTER_SET_RESULTS */;
/*!40101 SET COLLATION_CONNECTION=@OLD_COLLATION_CONNECTION */;
/*!40111 SET SQL_NOTES=@OLD_SQL_NOTES */;

-- Dump completed on 2016-08-30 14:13:08